name,link
Autumn olive,https://upload.wikimedia.org/wikipedia/commons/thumb/1/17/Autumnolive2.JPG/1024px-Autumnolive2.JPG
Autumn olive,https://upload.wikimedia.org/wikipedia/commons/8/8f/Honey_bee_foraging_on_Autumn_Olive.jpg
Autumn olive,https://en.wikipedia.org/wiki/Elaeagnus_umbellata#/media/File:Elaeagnus_umbellata_Frucht.jpg
Giant hogweed,https://upload.wikimedia.org/wikipedia/commons/c/cd/Rbk_dolde.jpg
Giant hogweed,https://upload.wikimedia.org/wikipedia/commons/a/ae/Herkulesstaude_fg01.jpg
Wild parsnip,https://upload.wikimedia.org/wikipedia/en/thumb/b/b8/Parsnip_flowering_second_year%2C_June_2016.jpg/1024px-Parsnip_flowering_second_year%2C_June_2016.jpg
Salt-cedar,https://upload.wikimedia.org/wikipedia/commons/4/40/Tamarix_ramosissima_a2.jpg
Policeman's helmet,https://upload.wikimedia.org/wikipedia/commons/thumb/5/55/Impatiens_glandulifera_0004.JPG/1024px-Impatiens_glandulifera_0004.JPG
Policeman's helmet,https://en.wikipedia.org/wiki/Impatiens_glandulifera#/media/File:Impatiens_Glandulifera,_leaves.jpg
Policeman's helmet,https://upload.wikimedia.org/wikipedia/commons/4/4c/Springkraut_fg04.jpg
Garlic mustard,https://upload.wikimedia.org/wikipedia/commons/thumb/5/5f/Alliaria_petiolata_marais-belloy-sur-somme_80_26042007_3.jpg/800px-Alliaria_petiolata_marais-belloy-sur-somme_80_26042007_3.jpg
Garlic mustard,https://upload.wikimedia.org/wikipedia/commons/9/90/Garlic_Mustard_close_800.jpg
Woodland angelica,https://upload.wikimedia.org/wikipedia/commons/8/8e/Gewone_engwortel_R0012880_Plant.JPG
Woodland angelica,https://upload.wikimedia.org/wikipedia/commons/7/7e/Angelica_sylvestris_1.jpg
Woodland angelica,https://upload.wikimedia.org/wikipedia/commons/0/0d/Gewone_engelwortel_R0012884_blad.JPG
Dog-strangling vine,https://upload.wikimedia.org/wikipedia/commons/thumb/4/40/Vincetoxicum_rossicum1UME.JPG/1024px-Vincetoxicum_rossicum1UME.JPG
Japanese barberry,https://upload.wikimedia.org/wikipedia/commons/e/ef/Berberis_thunb_frt.jpg
Japanese barberry,https://upload.wikimedia.org/wikipedia/commons/thumb/3/34/Berberis_thunbergii_flowers_in_Pennwood_State_Park.jpg/1920px-Berberis_thunbergii_flowers_in_Pennwood_State_Park.jpg
Japanese barberry,https://upload.wikimedia.org/wikipedia/commons/thumb/2/2d/Berberis_thunbergii_%283%29.JPG/1920px-Berberis_thunbergii_%283%29.JPG
Yellow flag iris,https://upload.wikimedia.org/wikipedia/commons/thumb/2/2c/Iris_pseudacorus_01.jpg/1024px-Iris_pseudacorus_01.jpg
Yellow flag iris,https://upload.wikimedia.org/wikipedia/commons/thumb/c/c3/Iris_pseudacorus_iris_des_marais.jpg/800px-Iris_pseudacorus_iris_des_marais.jpg
Yellow flag iris,https://upload.wikimedia.org/wikipedia/commons/d/d0/Iris_pseudacorus_fruit.JPG
Reed meadow grass,https://upload.wikimedia.org/wikipedia/commons/thumb/a/a4/Phalaris_arundinacea_1.jpg/800px-Phalaris_arundinacea_1.jpg
Reed meadow grass,https://upload.wikimedia.org/wikipedia/commons/b/bf/Phalaris_arundinacea_NP.JPG
Common reed,https://upload.wikimedia.org/wikipedia/commons/e/ec/Phragmites_australis_Schilfrohr.jpg
Scotch broom,https://upload.wikimedia.org/wikipedia/commons/thumb/6/68/Cytisus_scoparius_by_Danny_S._-_001.JPG/1920px-Cytisus_scoparius_by_Danny_S._-_001.JPG
Glossy buckthorn,https://upload.wikimedia.org/wikipedia/commons/thumb/5/50/Frangula_OM11.JPG/1920px-Frangula_OM11.JPG
Glossy buckthorn,https://upload.wikimedia.org/wikipedia/commons/9/9d/Rhamnus_frangula_07_ies.jpg
Glossy buckthorn,https://upload.wikimedia.org/wikipedia/commons/0/0b/Frangula-alnus-asplenifolia-autumn.jpg
Leafy spurge,https://upload.wikimedia.org/wikipedia/commons/3/3e/Euphorbia_esula_bluete.jpeg
Leafy spurge,https://upload.wikimedia.org/wikipedia/commons/thumb/b/b5/Euphorbia_esula_-_kibe_piimalill.jpg/1920px-Euphorbia_esula_-_kibe_piimalill.jpg
European buckthorn,https://upload.wikimedia.org/wikipedia/commons/thumb/0/08/Rhamnus_cathartica_%288023754928%29.jpg/1920px-Rhamnus_cathartica_%288023754928%29.jpg
European buckthorn,https://upload.wikimedia.org/wikipedia/commons/4/43/Illustration_of_Rhamnus_catharticus_63-cropped.png
Purple loosestrife,https://upload.wikimedia.org/wikipedia/commons/thumb/1/15/Lythrum_salicaria_-_harilik_kukesaba.jpg/800px-Lythrum_salicaria_-_harilik_kukesaba.jpg
Purple loosestrife,https://upload.wikimedia.org/wikipedia/commons/thumb/0/06/LythrumSalicariaBig.jpg/800px-LythrumSalicariaBig.jpg
