European buckthorn,45.3555,-75.7212
European buckthorn,44.3069,-78.3028
European buckthorn,44.3076,-78.3023
European buckthorn,44.3071,-78.3033
European buckthorn,44.3071,-78.3032
European buckthorn,45.3585,-75.974
European buckthorn,45.4506,-75.6715
European buckthorn,44.2711,-78.6069
European buckthorn,43.7688,-79.7512
European buckthorn,44.3465,-78.7331
European buckthorn,44.3459,-78.7361
European buckthorn,44.3436,-78.7402
European buckthorn,44.3305,-79.3239
European buckthorn,44.3341,-79.3266
European buckthorn,44.3348,-79.3253
European buckthorn,44.3356,-79.3253
European buckthorn,44.3349,-79.3253
European buckthorn,44.3349,-79.3253
European buckthorn,44.3349,-79.3253
European buckthorn,44.335,-79.3254
European buckthorn,44.3349,-79.3265
European buckthorn,44.3349,-79.3266
European buckthorn,44.3344,-79.3277
European buckthorn,44.3329,-79.3298
European buckthorn,44.3318,-79.3306
European buckthorn,44.3317,-79.3307
European buckthorn,44.3315,-79.3306
European buckthorn,44.3325,-79.3294
European buckthorn,44.358,-77.1083
European buckthorn,44.3578,-77.1082
European buckthorn,44.3505,-77.1019
European buckthorn,45.2569,-76.1514
European buckthorn,45.2569,-76.1515
European buckthorn,45.2571,-76.1516
European buckthorn,45.2572,-76.1516
European buckthorn,45.2571,-76.1515
European buckthorn,45.258,-76.1516
European buckthorn,45.2582,-76.1519
European buckthorn,45.2583,-76.152
European buckthorn,45.2586,-76.152
European buckthorn,45.259,-76.1517
European buckthorn,45.2601,-76.152
European buckthorn,45.2615,-76.1522
European buckthorn,45.2615,-76.1522
European buckthorn,45.2616,-76.1522
European buckthorn,45.2629,-76.1526
European buckthorn,45.2644,-76.1515
European buckthorn,45.2645,-76.1513
European buckthorn,45.2644,-76.1514
European buckthorn,45.2644,-76.1515
European buckthorn,45.2644,-76.1515
European buckthorn,45.2644,-76.1511
European buckthorn,45.2643,-76.151
European buckthorn,45.2643,-76.1509
European buckthorn,45.264,-76.1502
European buckthorn,45.264,-76.1499
European buckthorn,45.2639,-76.1496
European buckthorn,45.2638,-76.1495
European buckthorn,45.2636,-76.1495
European buckthorn,45.2637,-76.1494
European buckthorn,45.2639,-76.1487
European buckthorn,45.2639,-76.1489
European buckthorn,45.2639,-76.1489
European buckthorn,45.2638,-76.1489
European buckthorn,45.2638,-76.1489
European buckthorn,45.2637,-76.1489
European buckthorn,45.2637,-76.149
European buckthorn,45.2635,-76.1492
European buckthorn,45.2635,-76.1491
European buckthorn,45.2635,-76.149
European buckthorn,45.2636,-76.1489
European buckthorn,45.2635,-76.1489
European buckthorn,45.2636,-76.1488
European buckthorn,45.2636,-76.1488
European buckthorn,45.2636,-76.1488
European buckthorn,45.2636,-76.1487
European buckthorn,45.2636,-76.1487
European buckthorn,45.2635,-76.1486
European buckthorn,45.2636,-76.1486
European buckthorn,45.2636,-76.1486
European buckthorn,45.2637,-76.148
European buckthorn,45.2636,-76.148
European buckthorn,45.2635,-76.148
European buckthorn,45.2635,-76.1479
European buckthorn,45.2633,-76.1476
European buckthorn,45.2633,-76.1475
European buckthorn,45.2631,-76.1474
European buckthorn,45.263,-76.1471
European buckthorn,45.2636,-76.1466
European buckthorn,45.2621,-76.1464
European buckthorn,45.2617,-76.1465
European buckthorn,45.2615,-76.1462
European buckthorn,45.2614,-76.1461
European buckthorn,45.2612,-76.1461
European buckthorn,45.2607,-76.1456
European buckthorn,45.2608,-76.1457
European buckthorn,45.2608,-76.1458
European buckthorn,45.2609,-76.1458
European buckthorn,45.2608,-76.1459
European buckthorn,45.2608,-76.146
European buckthorn,45.2603,-76.1464
European buckthorn,45.2602,-76.1464
European buckthorn,45.2601,-76.1463
European buckthorn,45.2598,-76.1463
European buckthorn,45.2597,-76.1463
European buckthorn,45.2596,-76.1463
European buckthorn,45.2592,-76.146
European buckthorn,45.2592,-76.1465
European buckthorn,45.2592,-76.1471
European buckthorn,45.2592,-76.147
European buckthorn,45.259,-76.147
European buckthorn,45.2589,-76.1472
European buckthorn,45.2589,-76.1474
European buckthorn,45.2589,-76.1475
European buckthorn,45.2581,-76.1483
European buckthorn,45.258,-76.1487
European buckthorn,45.2578,-76.1486
European buckthorn,45.2577,-76.1489
European buckthorn,45.2577,-76.1488
European buckthorn,45.2576,-76.149
European buckthorn,45.2572,-76.1495
European buckthorn,45.2572,-76.1498
European buckthorn,45.257,-76.1499
European buckthorn,45.2566,-76.15
European buckthorn,45.2567,-76.15
European buckthorn,45.257,-76.1504
European buckthorn,45.2569,-76.1506
European buckthorn,45.2568,-76.1505
European buckthorn,45.2567,-76.1506
European buckthorn,45.2563,-76.1505
European buckthorn,45.2563,-76.1505
European buckthorn,45.2564,-76.1505
European buckthorn,45.2564,-76.1505
European buckthorn,45.2567,-76.1506
European buckthorn,45.2569,-76.1507
European buckthorn,45.2567,-76.151
European buckthorn,45.2567,-76.1511
European buckthorn,45.2567,-76.1511
European buckthorn,45.2566,-76.1511
European buckthorn,45.2565,-76.151
European buckthorn,45.2565,-76.151
European buckthorn,45.2563,-76.1508
European buckthorn,45.2562,-76.1508
European buckthorn,45.2563,-76.151
European buckthorn,45.2585,-76.1528
European buckthorn,45.2622,-76.1607
European buckthorn,45.2621,-76.1608
European buckthorn,45.2622,-76.1608
European buckthorn,45.2622,-76.1608
European buckthorn,45.2622,-76.1608
European buckthorn,45.2622,-76.1609
European buckthorn,45.2622,-76.1608
European buckthorn,45.2623,-76.1609
European buckthorn,45.2623,-76.161
European buckthorn,45.2623,-76.161
European buckthorn,45.2623,-76.1609
European buckthorn,45.2617,-76.1509
European buckthorn,45.259,-76.1451
European buckthorn,45.2578,-76.1474
European buckthorn,45.262,-76.1578
European buckthorn,45.4817,-76.2203
European buckthorn,45.479,-75.5346
European buckthorn,44.5355,-78.7365
European buckthorn,44.35,-77.1018
European buckthorn,44.5079,-76.554
European buckthorn,44.3581,-77.1084
European buckthorn,44.4376,-79.7634
European buckthorn,44.4995,-76.03
European buckthorn,44.501,-76.0334
European buckthorn,44.2294,-78.7317
European buckthorn,44.2294,-78.7317
European buckthorn,43.3839,-80.2841
European buckthorn,46.5126,-84.3508
European buckthorn,44.3138,-78.3478
European buckthorn,44.3149,-78.3155
European buckthorn,44.3105,-78.3011
European buckthorn,44.2991,-78.2686
European buckthorn,43.3416,-80.3325
European buckthorn,43.3288,-79.8835
European buckthorn,44.5089,-76.5533
European buckthorn,44.1184,-79.489
European buckthorn,44.5057,-76.5547
European buckthorn,44.83,-76.5759
European buckthorn,44.5895,-79.3598
European buckthorn,44.83,-76.5763
European buckthorn,45.37,-75.7977
European buckthorn,45.5622,-74.428
European buckthorn,44.1302,-77.8037
European buckthorn,45.5627,-74.4288
European buckthorn,45.5591,-74.4014
European buckthorn,44.2967,-78.2719
European buckthorn,44.2989,-78.268
European buckthorn,45.559,-74.405
European buckthorn,45.5564,-74.4181
European buckthorn,45.4768,-76.2217
European buckthorn,44.3006,-78.2654
European buckthorn,44.299,-78.2676
European buckthorn,45.4804,-76.218
European buckthorn,45.5614,-74.4095
European buckthorn,45.4808,-76.2236
European buckthorn,45.5622,-74.4269
European buckthorn,44.2972,-78.2702
European buckthorn,45.0588,-75.6694
European buckthorn,44.2977,-78.2668
European buckthorn,45.4861,-76.2192
European buckthorn,44.3005,-78.2678
European buckthorn,45.4876,-76.2196
European buckthorn,45.5581,-74.4197
European buckthorn,44.298,-78.2655
European buckthorn,45.5548,-74.4267
European buckthorn,45.5622,-74.428
European buckthorn,45.4787,-76.2251
European buckthorn,45.4787,-76.2251
European buckthorn,44.7713,-76.2317
European buckthorn,44.7523,-76.2452
European buckthorn,44.776,-76.259
European buckthorn,44.7683,-76.2333
European buckthorn,45.4424,-76.358
European buckthorn,44.4631,-76.4342
European buckthorn,44.4597,-76.4346
European buckthorn,44.5614,-76.1831
European buckthorn,44.4669,-76.4315
European buckthorn,44.464,-76.434
European buckthorn,44.4641,-76.4347
European buckthorn,44.4674,-76.4328
European buckthorn,44.4694,-76.4324
European buckthorn,44.4709,-76.4314
European buckthorn,44.5574,-76.1866
European buckthorn,44.563,-76.1839
European buckthorn,44.563,-76.1837
European buckthorn,44.5631,-76.1833
European buckthorn,44.5629,-76.1827
European buckthorn,44.5627,-76.1828
European buckthorn,44.5626,-76.1833
European buckthorn,44.5625,-76.1835
European buckthorn,44.5614,-76.1834
European buckthorn,44.5614,-76.1833
European buckthorn,44.5615,-76.1832
European buckthorn,44.5614,-76.1831
European buckthorn,45.1755,-76.2589
European buckthorn,44.4729,-76.4315
European buckthorn,44.4729,-76.4315
European buckthorn,44.4729,-76.4315
European buckthorn,44.4729,-76.4315
European buckthorn,44.4726,-76.4305
European buckthorn,44.4726,-76.4305
European buckthorn,44.4726,-76.4305
European buckthorn,44.4726,-76.4305
European buckthorn,44.4726,-76.4305
European buckthorn,44.4726,-76.4305
European buckthorn,44.4726,-76.4305
European buckthorn,44.4726,-76.4305
European buckthorn,44.5613,-76.1855
European buckthorn,44.5613,-76.1855
European buckthorn,44.5612,-76.1854
European buckthorn,44.5612,-76.1854
European buckthorn,44.5603,-76.1842
European buckthorn,44.5603,-76.1842
European buckthorn,44.5598,-76.1846
European buckthorn,44.5598,-76.1846
European buckthorn,44.558,-76.1861
European buckthorn,44.558,-76.1861
European buckthorn,44.5576,-76.1864
European buckthorn,44.5576,-76.1864
European buckthorn,44.5573,-76.1867
European buckthorn,44.5573,-76.1867
European buckthorn,44.557,-76.1867
European buckthorn,44.557,-76.1867
European buckthorn,44.5568,-76.1867
European buckthorn,44.5568,-76.1867
European buckthorn,44.555,-76.1888
European buckthorn,44.555,-76.1888
European buckthorn,45.1912,-76.3027
European buckthorn,45.1905,-76.3017
European buckthorn,45.17,-76.2537
European buckthorn,44.4776,-76.3983
European buckthorn,44.4776,-76.3983
European buckthorn,44.4775,-76.3981
European buckthorn,44.4775,-76.3981
European buckthorn,44.4775,-76.3983
European buckthorn,44.4775,-76.3983
European buckthorn,44.4774,-76.3984
European buckthorn,44.4774,-76.3984
European buckthorn,44.4774,-76.3982
European buckthorn,44.4774,-76.3982
European buckthorn,44.4774,-76.3983
European buckthorn,44.4774,-76.3983
European buckthorn,44.4773,-76.3986
European buckthorn,44.4773,-76.3986
European buckthorn,44.4772,-76.3988
European buckthorn,44.4772,-76.3988
European buckthorn,44.477,-76.3987
European buckthorn,44.477,-76.3987
European buckthorn,44.4751,-76.3982
European buckthorn,44.4751,-76.3982
European buckthorn,44.4731,-76.3999
European buckthorn,44.4731,-76.3999
European buckthorn,44.5594,-76.1846
European buckthorn,44.5594,-76.1846
European buckthorn,44.4833,-76.1424
European buckthorn,44.4833,-76.1424
European buckthorn,44.4833,-76.1424
European buckthorn,44.4833,-76.1424
European buckthorn,44.4821,-76.1426
European buckthorn,44.4821,-76.1426
European buckthorn,44.4821,-76.1426
European buckthorn,44.4821,-76.1426
European buckthorn,44.482,-76.1419
European buckthorn,44.482,-76.1419
European buckthorn,44.482,-76.1419
European buckthorn,44.482,-76.1419
European buckthorn,44.4818,-76.1426
European buckthorn,44.4818,-76.1426
European buckthorn,44.4818,-76.1426
European buckthorn,44.4818,-76.1426
European buckthorn,44.4818,-76.1428
European buckthorn,44.4818,-76.1428
European buckthorn,44.4818,-76.1428
European buckthorn,44.4818,-76.1428
European buckthorn,44.4818,-76.1428
European buckthorn,44.4818,-76.1428
European buckthorn,44.4818,-76.1428
European buckthorn,44.4818,-76.1428
European buckthorn,44.4817,-76.143
European buckthorn,44.4817,-76.143
European buckthorn,44.4817,-76.143
European buckthorn,44.4784,-76.1414
European buckthorn,44.4784,-76.1414
European buckthorn,44.4784,-76.1414
European buckthorn,44.4784,-76.1414
European buckthorn,44.4783,-76.1415
European buckthorn,44.4783,-76.1415
European buckthorn,44.4783,-76.1415
European buckthorn,44.4783,-76.1415
European buckthorn,44.4783,-76.1419
European buckthorn,44.4783,-76.1419
European buckthorn,44.4783,-76.1419
European buckthorn,44.4783,-76.1419
European buckthorn,44.4742,-76.1419
European buckthorn,44.4742,-76.1419
European buckthorn,44.4742,-76.1419
European buckthorn,44.4742,-76.1419
European buckthorn,44.4707,-76.379
European buckthorn,44.4288,-76.3849
European buckthorn,44.4285,-76.3851
European buckthorn,44.4242,-76.3853
European buckthorn,44.4241,-76.3819
European buckthorn,44.4241,-76.3811
European buckthorn,44.4825,-76.3484
European buckthorn,44.4823,-76.3486
European buckthorn,44.4823,-76.3483
European buckthorn,44.4804,-76.3498
European buckthorn,44.4799,-76.3525
European buckthorn,44.4781,-76.3495
European buckthorn,44.478,-76.3494
European buckthorn,44.478,-76.3498
European buckthorn,44.4779,-76.3489
European buckthorn,44.4779,-76.3491
European buckthorn,44.4778,-76.349
European buckthorn,44.4586,-76.3802
European buckthorn,44.4567,-76.3798
European buckthorn,44.4566,-76.38
European buckthorn,44.4565,-76.3799
European buckthorn,44.4564,-76.3802
European buckthorn,44.4564,-76.3803
European buckthorn,44.4564,-76.3802
European buckthorn,44.4561,-76.3795
European buckthorn,44.4561,-76.3799
European buckthorn,44.6935,-75.7215
European buckthorn,44.6982,-75.7488
European buckthorn,44.6978,-75.7507
European buckthorn,44.6975,-75.7498
European buckthorn,45.1939,-76.2989
European buckthorn,45.1938,-76.2984
European buckthorn,45.1937,-76.2985
European buckthorn,45.1937,-76.2986
European buckthorn,45.1931,-76.2992
European buckthorn,45.193,-76.3003
European buckthorn,45.1928,-76.2977
European buckthorn,45.1922,-76.297
European buckthorn,45.1891,-76.2988
European buckthorn,45.1882,-76.2995
European buckthorn,45.1774,-76.2565
European buckthorn,45.1773,-76.2554
European buckthorn,45.177,-76.2556
European buckthorn,44.473,-76.3999
European buckthorn,44.473,-76.3999
European buckthorn,45.4448,-76.3602
European buckthorn,45.4443,-76.3599
European buckthorn,45.4441,-76.3585
European buckthorn,45.444,-76.3584
European buckthorn,45.4425,-76.3594
European buckthorn,44.4823,-76.3484
European buckthorn,44.4823,-76.3484
European buckthorn,44.4823,-76.3484
European buckthorn,44.4607,-76.4294
European buckthorn,44.4607,-76.4294
European buckthorn,44.4607,-76.4294
European buckthorn,44.4602,-76.4292
European buckthorn,44.4602,-76.4292
European buckthorn,44.4602,-76.4292
European buckthorn,44.4593,-76.4311
European buckthorn,44.4593,-76.4311
European buckthorn,44.4593,-76.4311
European buckthorn,44.4588,-76.4318
European buckthorn,44.4588,-76.4318
European buckthorn,44.4588,-76.4318
European buckthorn,44.4582,-76.4304
European buckthorn,44.4582,-76.4304
European buckthorn,44.4582,-76.4304
European buckthorn,44.4582,-76.4306
European buckthorn,44.4582,-76.4306
European buckthorn,44.4582,-76.4306
European buckthorn,44.458,-76.43
European buckthorn,44.458,-76.43
European buckthorn,44.458,-76.43
European buckthorn,44.4564,-76.3802
European buckthorn,44.7246,-76.1447
European buckthorn,44.6957,-75.7239
European buckthorn,44.6958,-75.7464
European buckthorn,44.6956,-75.7461
European buckthorn,44.4796,-76.3519
European buckthorn,44.4796,-76.3519
European buckthorn,44.4796,-76.3519
European buckthorn,44.6845,-75.7227
European buckthorn,44.4587,-76.3806
European buckthorn,44.4562,-76.3781
European buckthorn,44.7235,-76.1425
European buckthorn,44.7211,-76.1399
European buckthorn,44.4585,-76.3803
European buckthorn,44.455,-76.4564
European buckthorn,44.4775,-76.3484
European buckthorn,45.1775,-76.2554
European buckthorn,44.4779,-76.3603
European buckthorn,45.4439,-76.3601
European buckthorn,45.4439,-76.3601
European buckthorn,45.4431,-76.3612
European buckthorn,45.4431,-76.3612
European buckthorn,45.4402,-76.3611
European buckthorn,45.4402,-76.3611
European buckthorn,43.5092,-80.2333
European buckthorn,43.3505,-79.7798
European buckthorn,42.9515,-81.2232
European buckthorn,42.9701,-81.2928
European buckthorn,42.9381,-81.2972
European buckthorn,43.2856,-79.9027
European buckthorn,45.3879,-75.6148
European buckthorn,45.3864,-75.6124
European buckthorn,44.0207,-79.3705
European buckthorn,43.6917,-80.4382
European buckthorn,45.3535,-80.0362
European buckthorn,45.3523,-80.0361
European buckthorn,45.3524,-80.0381
European buckthorn,45.3523,-80.0394
European buckthorn,45.3523,-80.0394
European buckthorn,45.4334,-75.6928
European buckthorn,43.4968,-80.5648
European buckthorn,43.5011,-80.562
European buckthorn,45.3674,-75.557
European buckthorn,43.4248,-79.7413
European buckthorn,43.2494,-81.8481
European buckthorn,43.2354,-81.87
European buckthorn,44.343,-78.74
European buckthorn,44.1348,-77.8079
European buckthorn,44.2092,-77.773
European buckthorn,42.9791,-81.2696
European buckthorn,44.3626,-78.738
European buckthorn,43.0248,-81.2672
European buckthorn,44.2987,-78.2694
European buckthorn,44.3003,-78.2677
European buckthorn,44.3004,-78.2678
European buckthorn,43.6056,-80.2569
European buckthorn,43.6056,-80.2569
European buckthorn,43.6125,-80.1481
European buckthorn,43.9887,-77.9431
European buckthorn,44.3361,-78.5334
European buckthorn,44.3353,-78.5365
European buckthorn,44.3386,-78.5365
European buckthorn,44.1052,-79.4941
European buckthorn,44.3433,-78.3183
European buckthorn,43.2709,-79.8955
European buckthorn,44.3432,-78.3087
European buckthorn,44.455,-76.4564
European buckthorn,45.1696,-75.8775
European buckthorn,44.957,-75.8212
European buckthorn,44.956,-75.8213
European buckthorn,44.9557,-75.8184
European buckthorn,44.9565,-75.8182
European buckthorn,44.9547,-75.8194
European buckthorn,44.9582,-75.8219
European buckthorn,44.9573,-75.8201
European buckthorn,44.9556,-75.82
European buckthorn,44.9575,-75.8195
European buckthorn,44.9599,-75.8209
European buckthorn,44.9587,-75.821
European buckthorn,44.9593,-75.8217
European buckthorn,44.7236,-76.1449
European buckthorn,44.7231,-76.1435
European buckthorn,44.724,-76.1453
European buckthorn,44.7238,-76.1434
European buckthorn,44.7231,-76.1431
European buckthorn,44.7232,-76.1426
European buckthorn,44.7193,-76.142
European buckthorn,44.694,-75.7521
European buckthorn,44.6957,-75.7528
European buckthorn,44.6972,-75.7519
European buckthorn,44.6978,-75.751
European buckthorn,44.6952,-75.7448
European buckthorn,44.6918,-75.719
European buckthorn,44.7129,-75.7282
European buckthorn,44.7136,-75.7269
European buckthorn,44.7134,-75.7269
European buckthorn,44.7122,-75.7287
European buckthorn,44.7124,-75.7293
European buckthorn,45.4439,-76.3601
European buckthorn,45.4431,-76.3612
European buckthorn,45.4402,-76.3611
European buckthorn,45.1775,-76.2554
European buckthorn,44.4775,-76.3484
European buckthorn,44.4561,-77.6167
European buckthorn,44.9538,-75.8186
European buckthorn,44.3598,-78.7394
European buckthorn,43.0233,-81.2648
European buckthorn,45.3397,-80.0381
European buckthorn,44.6067,-79.3908
European buckthorn,44.0267,-78.5425
European buckthorn,44.0267,-78.5423
European buckthorn,44.0268,-78.5418
European buckthorn,44.0743,-78.5012
European buckthorn,44.0753,-78.4976
European buckthorn,44.0791,-78.4956
European buckthorn,44.0799,-78.496
European buckthorn,44.0766,-78.503
European buckthorn,44.0763,-78.5
European buckthorn,44.0752,-78.5017
European buckthorn,44.0631,-78.5752
European buckthorn,44.0858,-78.3649
European buckthorn,44.0853,-78.3665
European buckthorn,44.088,-78.3641
European buckthorn,44.0878,-78.3639
European buckthorn,44.0874,-78.3635
European buckthorn,44.0872,-78.3634
European buckthorn,44.0988,-78.5138
European buckthorn,44.0985,-78.5134
European buckthorn,44.0974,-78.5115
European buckthorn,44.0981,-78.515
European buckthorn,44.0981,-78.5159
European buckthorn,43.9642,-78.6238
European buckthorn,43.964,-78.6232
European buckthorn,43.9831,-78.6444
European buckthorn,43.9828,-78.6445
European buckthorn,43.9817,-78.6447
European buckthorn,43.9815,-78.6448
European buckthorn,43.9811,-78.645
European buckthorn,43.9788,-78.644
European buckthorn,43.9788,-78.6439
European buckthorn,43.978,-78.6449
European buckthorn,43.9789,-78.6457
European buckthorn,43.9798,-78.646
European buckthorn,43.9802,-78.6458
European buckthorn,43.9807,-78.6458
European buckthorn,43.9812,-78.6457
European buckthorn,43.9822,-78.6459
European buckthorn,43.9829,-78.6456
European buckthorn,43.9841,-78.6452
European buckthorn,43.9781,-78.6388
European buckthorn,43.98,-78.6413
European buckthorn,43.9804,-78.6383
European buckthorn,43.9753,-78.6331
European buckthorn,43.9744,-78.6361
European buckthorn,43.9737,-78.636
European buckthorn,43.9737,-78.636
European buckthorn,43.9743,-78.632
European buckthorn,43.9746,-78.6302
European buckthorn,43.9705,-78.1879
European buckthorn,43.972,-78.1886
European buckthorn,43.9724,-78.1886
European buckthorn,43.9699,-78.189
European buckthorn,43.9695,-78.1888
European buckthorn,43.9693,-78.1884
European buckthorn,43.9691,-78.1873
European buckthorn,43.971,-78.1869
European buckthorn,43.9712,-78.187
European buckthorn,43.9718,-78.1875
European buckthorn,43.9723,-78.1876
European buckthorn,43.9727,-78.1885
European buckthorn,43.9893,-78.3302
European buckthorn,43.9894,-78.3284
European buckthorn,43.9899,-78.3283
European buckthorn,44.032,-78.1466
European buckthorn,44.0326,-78.1472
European buckthorn,44.0867,-78.2971
European buckthorn,44.0874,-78.3004
European buckthorn,44.0879,-78.3004
European buckthorn,44.0884,-78.3005
European buckthorn,44.094,-78.3001
European buckthorn,44.094,-78.2994
European buckthorn,44.0938,-78.3005
European buckthorn,44.092,-78.3015
European buckthorn,44.0907,-78.3013
European buckthorn,44.0895,-78.301
European buckthorn,44.0893,-78.3009
European buckthorn,44.0885,-78.3
European buckthorn,44.0879,-78.2988
European buckthorn,44.0868,-78.2992
European buckthorn,44.0869,-78.2996
European buckthorn,44.0847,-78.2995
European buckthorn,43.8998,-78.5969
European buckthorn,43.8983,-78.6026
European buckthorn,43.8984,-78.5938
European buckthorn,43.9475,-78.6214
European buckthorn,43.9477,-78.6214
European buckthorn,43.9726,-78.2893
European buckthorn,43.9726,-78.2905
European buckthorn,43.9733,-78.2899
European buckthorn,43.9737,-78.2894
European buckthorn,43.9737,-78.2899
European buckthorn,43.9736,-78.2905
European buckthorn,43.9715,-78.2916
European buckthorn,43.9702,-78.2931
European buckthorn,43.9708,-78.2934
European buckthorn,43.9717,-78.293
European buckthorn,43.9727,-78.2929
European buckthorn,43.973,-78.2927
European buckthorn,43.9746,-78.2905
European buckthorn,43.9741,-78.29
European buckthorn,45.0284,-75.1859
European buckthorn,45.0039,-75.3693
European buckthorn,43.5137,-79.9319
European buckthorn,43.5154,-79.9324
European buckthorn,43.6379,-79.9059
European buckthorn,43.5134,-79.9321
European buckthorn,43.5132,-79.9324
European buckthorn,43.5159,-79.9292
European buckthorn,43.5159,-79.9293
European buckthorn,43.5158,-79.9293
European buckthorn,43.5074,-79.9294
European buckthorn,43.9081,-77.2651
European buckthorn,43.908,-77.2653
European buckthorn,43.9076,-77.2646
European buckthorn,43.9087,-77.2633
European buckthorn,43.9088,-77.2645
European buckthorn,43.9092,-77.2628
European buckthorn,43.9097,-77.262
European buckthorn,43.9106,-77.2618
European buckthorn,43.911,-77.2626
European buckthorn,43.9098,-77.2646
European buckthorn,43.9099,-77.2655
European buckthorn,43.9086,-77.2662
European buckthorn,43.9096,-77.2666
European buckthorn,43.9097,-77.2646
European buckthorn,43.9096,-77.2676
European buckthorn,43.9097,-77.2661
European buckthorn,43.9093,-77.2638
European buckthorn,43.909,-77.2622
European buckthorn,43.9102,-77.2638
European buckthorn,43.8328,-79.5952
European buckthorn,43.9111,-77.2635
European buckthorn,43.9105,-77.2617
European buckthorn,43.9096,-77.2692
European buckthorn,43.9096,-77.2692
European buckthorn,43.9096,-77.2406
European buckthorn,45.0465,-75.1066
European buckthorn,43.1943,-79.6239
European buckthorn,43.1943,-79.625
European buckthorn,43.194,-79.6232
European buckthorn,43.194,-79.6239
European buckthorn,43.3685,-79.8563
European buckthorn,43.3685,-79.8569
European buckthorn,43.3682,-79.8559
European buckthorn,43.3681,-79.8563
European buckthorn,43.3681,-79.8569
European buckthorn,43.3677,-79.8565
European buckthorn,43.3673,-79.8571
European buckthorn,43.3672,-79.8575
European buckthorn,43.2087,-79.7245
European buckthorn,43.7726,-79.9377
European buckthorn,43.7687,-79.9431
European buckthorn,43.7687,-79.9434
European buckthorn,43.7689,-79.9441
European buckthorn,43.768,-79.9433
European buckthorn,43.3559,-79.8571
European buckthorn,43.3559,-79.8577
European buckthorn,43.356,-79.8584
European buckthorn,43.3555,-79.8578
European buckthorn,43.3555,-79.8594
European buckthorn,43.355,-79.8537
European buckthorn,43.355,-79.8541
European buckthorn,43.355,-79.8565
European buckthorn,43.3551,-79.8594
European buckthorn,43.3546,-79.8542
European buckthorn,43.3546,-79.8547
European buckthorn,43.3546,-79.8553
European buckthorn,43.3546,-79.8559
European buckthorn,43.3546,-79.8565
European buckthorn,43.3546,-79.8578
European buckthorn,43.3546,-79.859
European buckthorn,43.3542,-79.8548
European buckthorn,43.3541,-79.8572
European buckthorn,43.3537,-79.8565
European buckthorn,43.3537,-79.8572
European buckthorn,43.3537,-79.8578
European buckthorn,43.3537,-79.859
European buckthorn,43.3537,-79.8594
European buckthorn,43.3532,-79.8578
European buckthorn,43.3532,-79.8584
European buckthorn,43.3532,-79.8596
European buckthorn,43.3529,-79.8567
European buckthorn,43.3528,-79.8572
European buckthorn,43.3528,-79.8596
European buckthorn,43.3524,-79.8596
European buckthorn,43.3519,-79.8597
European buckthorn,43.3515,-79.8597
European buckthorn,43.3511,-79.8592
European buckthorn,43.351,-79.8596
European buckthorn,43.3506,-79.8597
European buckthorn,43.3503,-79.86
European buckthorn,43.3501,-79.8603
European buckthorn,43.3499,-79.8606
European buckthorn,43.3497,-79.861
European buckthorn,43.3495,-79.8614
European buckthorn,43.3494,-79.8612
European buckthorn,43.3493,-79.8616
European buckthorn,43.3491,-79.862
European buckthorn,43.349,-79.8619
European buckthorn,43.3489,-79.8622
European buckthorn,43.3489,-79.8625
European buckthorn,43.335,-79.8859
European buckthorn,43.3346,-79.8859
European buckthorn,43.3346,-79.8865
European buckthorn,43.3345,-79.8869
European buckthorn,43.3342,-79.8853
European buckthorn,43.3342,-79.8859
European buckthorn,43.3342,-79.8865
European buckthorn,43.3342,-79.8871
European buckthorn,43.3336,-79.8848
European buckthorn,43.3337,-79.8853
European buckthorn,43.3337,-79.8859
European buckthorn,43.3337,-79.8865
European buckthorn,43.3337,-79.8871
European buckthorn,43.3337,-79.8876
European buckthorn,43.3333,-79.8848
European buckthorn,43.3333,-79.8853
European buckthorn,43.3333,-79.8859
European buckthorn,43.3333,-79.8865
European buckthorn,43.3333,-79.8872
European buckthorn,43.3334,-79.8875
European buckthorn,43.3328,-79.8841
European buckthorn,43.3328,-79.8859
European buckthorn,43.3328,-79.8866
European buckthorn,43.3321,-79.8802
European buckthorn,43.3323,-79.8835
European buckthorn,43.3323,-79.8841
European buckthorn,43.3324,-79.8865
European buckthorn,43.359,-79.8606
European buckthorn,43.3587,-79.8602
European buckthorn,43.3588,-79.8605
European buckthorn,43.3582,-79.8583
European buckthorn,43.3582,-79.8589
European buckthorn,43.3582,-79.8601
European buckthorn,43.3578,-79.8595
European buckthorn,43.3579,-79.8599
European buckthorn,43.3564,-79.8593
European buckthorn,43.3318,-79.8799
European buckthorn,43.7685,-79.9435
European buckthorn,43.3318,-79.8803
European buckthorn,43.3319,-79.8829
European buckthorn,43.332,-79.8834
European buckthorn,43.3319,-79.8841
European buckthorn,43.3319,-79.8859
European buckthorn,43.3321,-79.8863
European buckthorn,43.3312,-79.8788
European buckthorn,43.3313,-79.8792
European buckthorn,43.3314,-79.8798
European buckthorn,43.3314,-79.8804
European buckthorn,43.3316,-79.8843
European buckthorn,43.3316,-79.8858
European buckthorn,43.3309,-79.8786
European buckthorn,43.3309,-79.8792
European buckthorn,43.3287,-79.8799
European buckthorn,43.3287,-79.8805
European buckthorn,43.327,-79.886
European buckthorn,43.327,-79.8867
European buckthorn,43.3264,-79.8878
European buckthorn,43.326,-79.8848
European buckthorn,43.3261,-79.8854
European buckthorn,43.3256,-79.8848
European buckthorn,43.3247,-79.8848
European buckthorn,43.3242,-79.8849
European buckthorn,43.3238,-79.8842
European buckthorn,43.2124,-79.7393
European buckthorn,43.2125,-79.741
European buckthorn,43.2125,-79.7416
European buckthorn,43.2126,-79.7422
European buckthorn,43.2111,-79.7331
European buckthorn,43.1916,-79.6
European buckthorn,43.1916,-79.6005
European buckthorn,43.1916,-79.6012
European buckthorn,43.1917,-79.6016
European buckthorn,43.1917,-79.6021
European buckthorn,43.331,-79.8798
European buckthorn,43.331,-79.8804
European buckthorn,43.331,-79.8858
European buckthorn,43.3304,-79.878
European buckthorn,43.3305,-79.8786
European buckthorn,43.3305,-79.8792
European buckthorn,43.3305,-79.8798
European buckthorn,43.3305,-79.8803
European buckthorn,43.33,-79.8786
European buckthorn,43.33,-79.8792
European buckthorn,43.33,-79.8798
European buckthorn,43.33,-79.8804
European buckthorn,43.3294,-79.8763
European buckthorn,43.3295,-79.8768
European buckthorn,43.3296,-79.8774
European buckthorn,43.3296,-79.878
European buckthorn,43.3296,-79.8786
European buckthorn,43.3296,-79.8792
European buckthorn,43.3296,-79.8798
European buckthorn,43.3296,-79.8804
European buckthorn,43.3293,-79.8763
European buckthorn,43.3292,-79.8768
European buckthorn,43.3291,-79.878
European buckthorn,43.3291,-79.8786
European buckthorn,43.3291,-79.8792
European buckthorn,43.3291,-79.8798
European buckthorn,43.3292,-79.8817
European buckthorn,43.3291,-79.8822
European buckthorn,43.7681,-79.9437
European buckthorn,43.768,-79.9442
European buckthorn,43.7678,-79.9433
European buckthorn,43.7677,-79.9437
European buckthorn,43.7674,-79.9439
European buckthorn,43.7672,-79.9455
European buckthorn,43.7671,-79.9459
European buckthorn,43.7668,-79.9456
European buckthorn,43.7668,-79.9462
European buckthorn,43.7667,-79.9466
European buckthorn,43.7665,-79.9452
European buckthorn,43.7664,-79.9456
European buckthorn,43.7664,-79.9462
European buckthorn,43.7665,-79.9466
European buckthorn,43.7661,-79.9458
European buckthorn,43.7661,-79.946
European buckthorn,43.6542,-79.9898
European buckthorn,43.6538,-79.9903
European buckthorn,43.6535,-79.9906
European buckthorn,43.6533,-79.9909
European buckthorn,43.6531,-79.9913
European buckthorn,43.6515,-79.9927
European buckthorn,43.6493,-79.9936
European buckthorn,43.6459,-79.9794
European buckthorn,43.6459,-79.9797
European buckthorn,43.6455,-79.9788
European buckthorn,43.6455,-79.9799
European buckthorn,43.6454,-79.9804
European buckthorn,43.6451,-79.9787
European buckthorn,43.6447,-79.9787
European buckthorn,43.6447,-79.9806
European buckthorn,43.6446,-79.9811
European buckthorn,43.6442,-79.9787
European buckthorn,43.6442,-79.9793
European buckthorn,43.6443,-79.9812
European buckthorn,43.6443,-79.9816
European buckthorn,43.6438,-79.9787
European buckthorn,43.6438,-79.9793
European buckthorn,43.6438,-79.98
European buckthorn,43.6438,-79.9805
European buckthorn,43.6429,-79.9788
European buckthorn,43.6429,-79.9793
European buckthorn,43.6431,-79.9797
European buckthorn,43.6424,-79.9788
European buckthorn,43.6424,-79.9794
European buckthorn,43.642,-79.98
European buckthorn,43.6415,-79.98
European buckthorn,43.6414,-79.9805
European buckthorn,43.6401,-79.9817
European buckthorn,43.6398,-79.9808
European buckthorn,43.6397,-79.9813
European buckthorn,43.6397,-79.9819
European buckthorn,43.6396,-79.9823
European buckthorn,43.6394,-79.9814
European buckthorn,43.6393,-79.9823
European buckthorn,43.639,-79.9816
European buckthorn,43.6389,-79.982
European buckthorn,43.6388,-79.9828
European buckthorn,43.6386,-79.9822
European buckthorn,43.6385,-79.9824
European buckthorn,43.6287,-79.9699
European buckthorn,43.6287,-79.9701
European buckthorn,43.6284,-79.9703
European buckthorn,43.6279,-79.9709
European buckthorn,43.6276,-79.9711
European buckthorn,43.6274,-79.9714
European buckthorn,43.6271,-79.9717
European buckthorn,43.6269,-79.972
European buckthorn,43.6266,-79.9723
European buckthorn,43.6254,-79.9737
European buckthorn,43.6252,-79.974
European buckthorn,43.6249,-79.9742
European buckthorn,43.6247,-79.9745
European buckthorn,43.6244,-79.9748
European buckthorn,43.6242,-79.9751
European buckthorn,43.6241,-79.975
European buckthorn,43.6241,-79.9752
European buckthorn,43.6144,-79.9749
European buckthorn,43.6145,-79.9755
European buckthorn,43.6144,-79.976
European buckthorn,43.614,-79.9755
European buckthorn,43.6136,-79.9755
European buckthorn,43.6136,-79.9761
European buckthorn,43.6134,-79.9771
European buckthorn,43.6132,-79.9757
European buckthorn,43.6131,-79.9773
European buckthorn,43.6129,-79.9777
European buckthorn,43.6127,-79.9762
European buckthorn,43.6126,-79.9779
European buckthorn,43.6118,-79.9768
European buckthorn,43.6113,-79.9762
European buckthorn,43.6113,-79.978
European buckthorn,43.6109,-79.9762
European buckthorn,43.6109,-79.978
European buckthorn,43.6109,-79.9793
European buckthorn,43.6104,-79.9762
European buckthorn,43.6104,-79.9804
European buckthorn,43.61,-79.9781
European buckthorn,43.61,-79.9787
European buckthorn,43.6086,-79.9775
European buckthorn,43.6086,-79.9787
European buckthorn,43.6087,-79.9812
European buckthorn,43.6082,-79.9812
European buckthorn,43.6082,-79.9818
European buckthorn,43.6082,-79.9824
European buckthorn,43.6077,-79.9769
European buckthorn,43.6077,-79.9787
European buckthorn,43.6078,-79.9793
European buckthorn,43.6078,-79.983
European buckthorn,43.6076,-79.9834
European buckthorn,43.6073,-79.9806
European buckthorn,43.6069,-79.9831
European buckthorn,43.6064,-79.9831
European buckthorn,43.6042,-79.9806
European buckthorn,43.6042,-79.9831
European buckthorn,43.6038,-79.9836
European buckthorn,43.6569,-79.9866
European buckthorn,43.6564,-79.9872
European buckthorn,43.6555,-79.9878
European buckthorn,43.6555,-79.9883
European buckthorn,43.6552,-79.9874
European buckthorn,43.6551,-79.9878
European buckthorn,43.6551,-79.9885
European buckthorn,43.655,-79.9889
European buckthorn,43.6546,-79.9873
European buckthorn,43.6546,-79.9878
European buckthorn,43.6546,-79.9885
European buckthorn,43.6547,-79.989
European buckthorn,43.6545,-79.9895
European buckthorn,43.6263,-79.9725
European buckthorn,43.6262,-79.9728
European buckthorn,43.6259,-79.9731
European buckthorn,43.6257,-79.9734
European buckthorn,43.6091,-79.9812
European buckthorn,43.5974,-79.9759
European buckthorn,43.5947,-79.9808
European buckthorn,43.5942,-79.9715
European buckthorn,43.5942,-79.9721
European buckthorn,43.5943,-79.9802
European buckthorn,43.5938,-79.9797
European buckthorn,43.5938,-79.9814
European buckthorn,43.5933,-79.9721
European buckthorn,43.5933,-79.974
European buckthorn,43.5934,-79.9814
European buckthorn,43.5928,-79.9715
European buckthorn,43.5929,-79.9808
European buckthorn,43.5927,-79.9807
European buckthorn,43.5965,-79.9832
European buckthorn,43.596,-79.9777
European buckthorn,43.596,-79.9783
European buckthorn,43.596,-79.9789
European buckthorn,43.5608,-79.9609
European buckthorn,43.5969,-79.9783
European buckthorn,43.5969,-79.9789
European buckthorn,43.597,-79.9801
European buckthorn,43.5535,-79.9592
European buckthorn,43.5531,-79.9592
European buckthorn,43.5526,-79.9568
European buckthorn,43.5522,-79.9586
European buckthorn,43.3287,-79.8811
European buckthorn,43.3287,-79.8817
European buckthorn,43.3287,-79.8823
European buckthorn,43.3287,-79.8827
European buckthorn,43.3274,-79.8861
European buckthorn,43.3273,-79.8865
European buckthorn,43.5965,-79.9777
European buckthorn,43.5965,-79.9783
European buckthorn,43.5965,-79.9789
European buckthorn,43.1796,-79.5408
European buckthorn,43.1769,-79.5332
European buckthorn,43.1707,-79.5134
European buckthorn,43.1666,-79.5142
European buckthorn,43.1584,-79.0853
European buckthorn,43.1582,-79.0859
European buckthorn,43.1581,-79.0864
European buckthorn,43.158,-79.0869
European buckthorn,43.1577,-79.0882
European buckthorn,43.1571,-79.0906
European buckthorn,43.1544,-79.0966
European buckthorn,43.1543,-79.0965
European buckthorn,43.1528,-79.0988
European buckthorn,43.1525,-79.099
European buckthorn,43.1524,-79.0994
European buckthorn,43.1523,-79.0998
European buckthorn,43.1519,-79.0996
European buckthorn,43.15,-79.1209
European buckthorn,43.1498,-79.1213
European buckthorn,43.15,-79.1216
European buckthorn,43.1501,-79.1229
European buckthorn,43.1501,-79.1233
European buckthorn,43.1503,-79.1241
European buckthorn,43.1503,-79.1247
European buckthorn,43.1502,-79.1253
European buckthorn,43.1501,-79.126
European buckthorn,43.1501,-79.1266
European buckthorn,43.1501,-79.1272
European buckthorn,43.1501,-79.1278
European buckthorn,43.1501,-79.1284
European buckthorn,43.15,-79.129
European buckthorn,43.15,-79.1296
European buckthorn,43.15,-79.1301
European buckthorn,43.1496,-79.1209
European buckthorn,43.1495,-79.1213
European buckthorn,43.1496,-79.1216
European buckthorn,43.1496,-79.1222
European buckthorn,43.1497,-79.1228
European buckthorn,43.1499,-79.1268
European buckthorn,43.1497,-79.1272
European buckthorn,43.1497,-79.1278
European buckthorn,43.1497,-79.1284
European buckthorn,43.1497,-79.129
European buckthorn,43.1497,-79.1296
European buckthorn,43.1497,-79.1301
European buckthorn,43.1491,-79.1194
European buckthorn,43.1491,-79.1198
European buckthorn,43.1491,-79.1204
European buckthorn,43.1493,-79.1279
European buckthorn,43.1493,-79.1284
European buckthorn,43.1493,-79.129
European buckthorn,43.1493,-79.1296
European buckthorn,43.1493,-79.1303
European buckthorn,43.1493,-79.1309
European buckthorn,43.1493,-79.1315
European buckthorn,43.1493,-79.1321
European buckthorn,43.1492,-79.1327
European buckthorn,43.1492,-79.1332
European buckthorn,43.1486,-79.1194
European buckthorn,43.1487,-79.1198
European buckthorn,43.1487,-79.1204
European buckthorn,43.1487,-79.1209
European buckthorn,43.149,-79.1311
European buckthorn,43.1489,-79.1315
European buckthorn,43.1489,-79.1321
European buckthorn,43.1489,-79.1327
European buckthorn,43.1488,-79.1333
European buckthorn,43.1488,-79.1337
European buckthorn,43.1482,-79.1204
European buckthorn,43.1482,-79.1209
European buckthorn,43.1486,-79.1323
European buckthorn,43.1485,-79.1328
European buckthorn,43.1485,-79.1334
European buckthorn,43.1484,-79.1337
European buckthorn,43.1477,-79.1195
European buckthorn,43.1478,-79.1198
European buckthorn,43.1478,-79.1205
European buckthorn,43.1473,-79.1199
European buckthorn,43.1473,-79.1205
European buckthorn,43.1473,-79.1209
European buckthorn,43.147,-79.1194
European buckthorn,43.147,-79.1199
European buckthorn,43.147,-79.1205
European buckthorn,43.147,-79.1209
European buckthorn,43.1442,-79.1022
European buckthorn,43.1442,-79.1027
European buckthorn,43.1442,-79.1032
European buckthorn,43.1499,-79.491
European buckthorn,43.1438,-79.1015
European buckthorn,43.1439,-79.1021
European buckthorn,43.1439,-79.1032
European buckthorn,43.1496,-79.4869
European buckthorn,43.1434,-79.1016
European buckthorn,43.1434,-79.1021
European buckthorn,43.1434,-79.1028
European buckthorn,43.1434,-79.1033
European buckthorn,43.1429,-79.1016
European buckthorn,43.143,-79.1022
European buckthorn,43.143,-79.1028
European buckthorn,43.143,-79.1033
European buckthorn,43.1425,-79.1016
European buckthorn,43.1426,-79.1023
European buckthorn,43.1425,-79.1028
European buckthorn,43.1426,-79.1034
European buckthorn,43.1422,-79.1017
European buckthorn,43.1422,-79.102
European buckthorn,43.1423,-79.1027
European buckthorn,43.1372,-79.2007
European buckthorn,43.137,-79.2008
European buckthorn,43.1368,-79.202
European buckthorn,43.137,-79.2017
European buckthorn,43.1297,-79.2329
European buckthorn,43.107,-79.3042
European buckthorn,43.1519,-79.0999
European buckthorn,43.1515,-79.0997
European buckthorn,43.1515,-79.0999
European buckthorn,43.151,-79.0997
European buckthorn,43.1511,-79.1
European buckthorn,43.1503,-79.1222
European buckthorn,43.1503,-79.1228
European buckthorn,43.1503,-79.1234
European buckthorn,43.1503,-79.124
European buckthorn,43.7758,-79.942
European buckthorn,43.7759,-79.9424
European buckthorn,43.7757,-79.9428
European buckthorn,43.7754,-79.9413
European buckthorn,43.7755,-79.9418
European buckthorn,43.7755,-79.9424
European buckthorn,43.7754,-79.9429
European buckthorn,43.7749,-79.9407
European buckthorn,43.775,-79.9412
European buckthorn,43.775,-79.9418
European buckthorn,43.775,-79.9424
European buckthorn,43.7751,-79.943
European buckthorn,43.775,-79.9435
European buckthorn,43.7744,-79.9401
European buckthorn,43.7746,-79.9406
European buckthorn,43.7746,-79.9412
European buckthorn,43.7746,-79.9418
European buckthorn,43.7746,-79.9424
European buckthorn,43.7746,-79.943
European buckthorn,43.7746,-79.9437
European buckthorn,43.7745,-79.9441
European buckthorn,43.774,-79.9395
European buckthorn,43.7741,-79.9399
European buckthorn,43.7741,-79.9406
European buckthorn,43.7741,-79.9412
European buckthorn,43.7741,-79.9418
European buckthorn,43.7741,-79.9424
European buckthorn,43.7741,-79.943
European buckthorn,43.7741,-79.9437
European buckthorn,43.7741,-79.9442
European buckthorn,43.7735,-79.9389
European buckthorn,43.7737,-79.9393
European buckthorn,43.7737,-79.9399
European buckthorn,43.7737,-79.9406
European buckthorn,43.7737,-79.9412
European buckthorn,43.7737,-79.9418
European buckthorn,43.7737,-79.9424
European buckthorn,43.7737,-79.943
European buckthorn,43.7737,-79.9437
European buckthorn,43.7731,-79.9383
European buckthorn,43.7732,-79.9387
European buckthorn,43.7732,-79.9393
European buckthorn,43.7732,-79.94
European buckthorn,43.7732,-79.9406
European buckthorn,43.7732,-79.9412
European buckthorn,43.7732,-79.9418
European buckthorn,43.7732,-79.9424
European buckthorn,43.7732,-79.9431
European buckthorn,43.7733,-79.9437
European buckthorn,43.7733,-79.9443
European buckthorn,43.7733,-79.9449
European buckthorn,43.7732,-79.9454
European buckthorn,43.7727,-79.9381
European buckthorn,43.7728,-79.9387
European buckthorn,43.7728,-79.9393
European buckthorn,43.7728,-79.94
European buckthorn,43.7728,-79.9406
European buckthorn,43.7728,-79.9412
European buckthorn,43.7728,-79.9418
European buckthorn,43.7728,-79.9424
European buckthorn,43.7728,-79.9431
European buckthorn,43.7728,-79.9437
European buckthorn,43.7728,-79.9443
European buckthorn,43.7705,-79.9419
European buckthorn,43.7705,-79.9425
European buckthorn,43.7705,-79.9431
European buckthorn,43.7706,-79.9444
European buckthorn,43.7706,-79.945
European buckthorn,43.7706,-79.9456
European buckthorn,43.7706,-79.9462
European buckthorn,43.7703,-79.9403
European buckthorn,43.7701,-79.9407
European buckthorn,43.7701,-79.9412
European buckthorn,43.7701,-79.9419
European buckthorn,43.7701,-79.9425
European buckthorn,43.7701,-79.9431
European buckthorn,43.7701,-79.9437
European buckthorn,43.7701,-79.9444
European buckthorn,43.7701,-79.945
European buckthorn,43.7702,-79.9455
European buckthorn,43.7703,-79.946
European buckthorn,43.7698,-79.9409
European buckthorn,43.7696,-79.9413
European buckthorn,43.7696,-79.9419
European buckthorn,43.7696,-79.9425
European buckthorn,43.7696,-79.9431
European buckthorn,43.7696,-79.9437
European buckthorn,43.7697,-79.9444
European buckthorn,43.7697,-79.9449
European buckthorn,43.7698,-79.9454
European buckthorn,43.7693,-79.9415
European buckthorn,43.7692,-79.9419
European buckthorn,43.7692,-79.9425
European buckthorn,43.7692,-79.9431
European buckthorn,43.7692,-79.9437
European buckthorn,43.7692,-79.9443
European buckthorn,43.7694,-79.9447
European buckthorn,43.7688,-79.942
European buckthorn,43.7687,-79.9425
European buckthorn,43.7683,-79.9426
European buckthorn,43.1304,-79.2296
European buckthorn,43.1303,-79.2299
European buckthorn,43.7719,-79.945
European buckthorn,43.7719,-79.9456
European buckthorn,43.7719,-79.9468
European buckthorn,43.7712,-79.9472
European buckthorn,43.7706,-79.9401
European buckthorn,43.7705,-79.9406
European buckthorn,43.7705,-79.9412
European buckthorn,43.7728,-79.9449
European buckthorn,43.7728,-79.9455
European buckthorn,43.7727,-79.946
European buckthorn,43.7725,-79.9377
European buckthorn,43.7723,-79.9382
European buckthorn,43.7723,-79.9387
European buckthorn,43.7723,-79.9394
European buckthorn,43.7723,-79.94
European buckthorn,43.7723,-79.9406
European buckthorn,43.7723,-79.9412
European buckthorn,43.7723,-79.9418
European buckthorn,43.7723,-79.9425
European buckthorn,43.7723,-79.9431
European buckthorn,43.7723,-79.9437
European buckthorn,43.7724,-79.9443
European buckthorn,43.7724,-79.9449
European buckthorn,43.7724,-79.9456
European buckthorn,43.772,-79.9383
European buckthorn,43.7719,-79.9388
European buckthorn,43.7719,-79.9394
European buckthorn,43.7719,-79.94
European buckthorn,43.7719,-79.9406
European buckthorn,43.7719,-79.9412
European buckthorn,43.7719,-79.9418
European buckthorn,43.7719,-79.9425
European buckthorn,43.7719,-79.9431
European buckthorn,43.7719,-79.9437
European buckthorn,43.7719,-79.9443
European buckthorn,43.7715,-79.9389
European buckthorn,43.7714,-79.9394
European buckthorn,43.7714,-79.94
European buckthorn,43.7714,-79.9406
European buckthorn,43.7714,-79.9412
European buckthorn,43.7714,-79.9419
European buckthorn,43.7714,-79.9425
European buckthorn,43.7714,-79.9431
European buckthorn,43.7714,-79.9437
European buckthorn,43.7715,-79.9443
European buckthorn,43.7715,-79.945
European buckthorn,43.7715,-79.9456
European buckthorn,43.7715,-79.9468
European buckthorn,43.7715,-79.9473
European buckthorn,43.771,-79.9395
European buckthorn,43.771,-79.94
European buckthorn,43.771,-79.9406
European buckthorn,43.771,-79.9412
European buckthorn,43.771,-79.9419
European buckthorn,43.771,-79.9425
European buckthorn,43.771,-79.9431
European buckthorn,43.771,-79.9437
European buckthorn,43.771,-79.945
European buckthorn,43.771,-79.9456
European buckthorn,43.771,-79.9462
European buckthorn,44.7163,-79.7727
European buckthorn,44.7163,-79.7727
European buckthorn,44.7163,-79.7727
European buckthorn,44.7163,-79.7727
European buckthorn,44.3245,-78.3122
European buckthorn,44.623,-79.4159
European buckthorn,44.6045,-79.3662
European buckthorn,44.6043,-79.3656
European buckthorn,43.4225,-80.5177
European buckthorn,43.4758,-80.5438
European buckthorn,44.48,-80.0703
European buckthorn,43.8656,-79.4459
European buckthorn,44.2945,-78.337
European buckthorn,43.6753,-80.4429
European buckthorn,44.5635,-79.6659
European buckthorn,44.4585,-79.5382
European buckthorn,44.4671,-79.5454
European buckthorn,44.2866,-78.2396
European buckthorn,44.2753,-78.2636
European buckthorn,44.2483,-78.2209
European buckthorn,44.2521,-78.2228
European buckthorn,44.2597,-78.2266
European buckthorn,44.2662,-78.2299
European buckthorn,44.2697,-78.2376
European buckthorn,44.41,-78.0459
European buckthorn,44.3966,-78.2308
European buckthorn,44.2691,-78.2404
European buckthorn,44.4072,-78.2255
European buckthorn,44.2654,-78.2557
European buckthorn,44.3675,-78.0254
European buckthorn,44.3897,-78.2174
European buckthorn,44.2753,-78.2639
European buckthorn,44.2759,-78.2604
European buckthorn,44.2773,-78.2549
European buckthorn,44.3864,-78.0385
European buckthorn,44.3855,-78.2154
European buckthorn,44.2821,-78.256
European buckthorn,44.3985,-78.1852
European buckthorn,44.2894,-78.2597
European buckthorn,44.3779,-78.0487
European buckthorn,44.4011,-78.1864
European buckthorn,44.2952,-78.2626
European buckthorn,44.4059,-78.1887
European buckthorn,44.4347,-78.1905
European buckthorn,44.2656,-78.278
European buckthorn,44.376,-78.1604
European buckthorn,44.2645,-78.2828
European buckthorn,44.4263,-78.0722
European buckthorn,44.3704,-78.1576
European buckthorn,44.442,-78.2279
European buckthorn,44.2631,-78.2885
European buckthorn,44.3322,-78.1533
European buckthorn,44.4276,-78.1994
European buckthorn,44.2937,-78.2061
European buckthorn,44.2626,-78.2907
European buckthorn,44.4215,-78.0698
European buckthorn,44.3572,-78.1653
European buckthorn,44.42,-78.1956
European buckthorn,44.2619,-78.2936
European buckthorn,44.4193,-78.0688
European buckthorn,44.4111,-78.2094
European buckthorn,44.2828,-78.2084
European buckthorn,44.2604,-78.2999
European buckthorn,44.4098,-78.2087
European buckthorn,44.2356,-78.2829
European buckthorn,44.4162,-78.0854
European buckthorn,44.397,-78.2025
European buckthorn,44.2568,-78.2198
European buckthorn,44.2391,-78.2689
European buckthorn,44.4077,-78.0813
European buckthorn,44.2422,-78.2562
European buckthorn,44.3945,-78.2012
European buckthorn,44.2429,-78.2535
European buckthorn,44.3925,-78.2002
European buckthorn,44.2528,-78.1867
European buckthorn,44.2448,-78.2454
European buckthorn,44.3795,-78.0678
European buckthorn,44.3902,-78.1991
European buckthorn,44.2418,-78.2357
European buckthorn,44.4036,-78.174
European buckthorn,44.2359,-78.2327
European buckthorn,44.3948,-78.0752
European buckthorn,44.4152,-78.1796
European buckthorn,44.2633,-78.168
European buckthorn,44.233,-78.2312
European buckthorn,44.3979,-78.0768
European buckthorn,44.3445,-78.1952
European buckthorn,44.4344,-78.1889
European buckthorn,44.2748,-78.1712
European buckthorn,44.2339,-78.2706
European buckthorn,44.4023,-78.0789
European buckthorn,44.3655,-78.2058
European buckthorn,44.4353,-78.1882
European buckthorn,44.2636,-78.1437
European buckthorn,44.2375,-78.2724
European buckthorn,44.364,-78.2051
European buckthorn,44.4382,-78.178
European buckthorn,44.2768,-78.1604
European buckthorn,44.248,-78.2775
European buckthorn,44.4287,-78.1653
European buckthorn,44.2601,-78.2831
European buckthorn,44.4137,-78.1022
European buckthorn,44.3522,-78.1995
European buckthorn,44.4152,-78.1586
European buckthorn,44.4183,-78.1044
European buckthorn,44.4151,-78.1586
European buckthorn,44.2835,-78.1819
European buckthorn,44.4226,-78.1064
European buckthorn,44.3438,-78.2029
European buckthorn,44.431,-78.1482
European buckthorn,44.2942,-78.1869
European buckthorn,44.4233,-78.1065
European buckthorn,44.3435,-78.2044
European buckthorn,44.449,-78.1397
European buckthorn,44.3155,-78.181
European buckthorn,44.4082,-78.0995
European buckthorn,44.4296,-78.1367
European buckthorn,44.06,-79.5539
European buckthorn,44.0732,-79.538
European buckthorn,44.065,-79.5212
European buckthorn,44.0583,-79.5342
European buckthorn,44.0391,-79.6691
European buckthorn,43.9206,-79.6315
European buckthorn,43.9183,-79.631
European buckthorn,43.913,-79.6298
European buckthorn,43.9449,-79.6328
European buckthorn,43.9525,-79.639
European buckthorn,43.9619,-79.6418
European buckthorn,43.9612,-79.6454
European buckthorn,43.9774,-79.645
European buckthorn,43.9749,-79.6693
European buckthorn,43.9796,-79.6482
European buckthorn,43.9968,-79.6498
European buckthorn,43.9756,-79.619
European buckthorn,43.9822,-79.6207
European buckthorn,43.991,-79.6229
European buckthorn,43.9379,-79.6866
European buckthorn,43.9665,-79.6936
European buckthorn,43.9676,-79.6938
European buckthorn,43.9702,-79.6944
European buckthorn,43.9812,-79.7229
European buckthorn,43.9754,-79.7215
European buckthorn,43.9579,-79.7171
European buckthorn,43.9537,-79.716
European buckthorn,43.9336,-79.7112
European buckthorn,43.9288,-79.71
European buckthorn,43.928,-79.7099
European buckthorn,43.9229,-79.7087
European buckthorn,43.9209,-79.7081
European buckthorn,43.9171,-79.7072
European buckthorn,43.9154,-79.7068
European buckthorn,43.9134,-79.7063
European buckthorn,43.9132,-79.7063
European buckthorn,43.9121,-79.706
European buckthorn,43.9096,-79.7065
European buckthorn,43.9088,-79.7069
European buckthorn,43.9079,-79.7076
European buckthorn,43.9067,-79.708
European buckthorn,43.9055,-79.7075
European buckthorn,43.9042,-79.7061
European buckthorn,43.9019,-79.7034
European buckthorn,43.9004,-79.703
European buckthorn,43.8997,-79.7029
European buckthorn,43.8985,-79.7026
European buckthorn,43.8952,-79.7018
European buckthorn,43.8941,-79.7014
European buckthorn,43.892,-79.701
European buckthorn,43.9346,-79.4614
European buckthorn,43.9351,-79.4339
European buckthorn,43.9306,-79.4667
European buckthorn,43.9262,-79.4714
European buckthorn,43.9372,-79.4301
European buckthorn,43.9372,-79.4292
European buckthorn,43.9355,-79.4286
European buckthorn,43.9413,-79.4216
European buckthorn,43.9416,-79.4277
European buckthorn,43.9427,-79.4237
European buckthorn,43.9417,-79.4236
European buckthorn,43.941,-79.4232
European buckthorn,43.9325,-79.4394
European buckthorn,43.9271,-79.4662
European buckthorn,43.9354,-79.4541
European buckthorn,43.9374,-79.4615
European buckthorn,43.9367,-79.4635
European buckthorn,43.9342,-79.4629
European buckthorn,43.9348,-79.4628
European buckthorn,43.9386,-79.4639
European buckthorn,43.9368,-79.4557
European buckthorn,43.9362,-79.4585
European buckthorn,43.9338,-79.4672
European buckthorn,44.0225,-79.1084
European buckthorn,44.0146,-79.1121
European buckthorn,44.014,-79.1143
European buckthorn,44.0134,-79.1161
European buckthorn,44.0131,-79.1184
European buckthorn,44.0142,-79.1174
European buckthorn,44.0144,-79.1171
European buckthorn,44.0151,-79.1158
European buckthorn,44.0144,-79.1142
European buckthorn,44.0151,-79.1118
European buckthorn,44.0151,-79.1113
European buckthorn,44.0157,-79.1098
European buckthorn,44.0162,-79.1082
European buckthorn,44.0174,-79.1151
European buckthorn,44.0239,-79.1162
European buckthorn,44.024,-79.1138
European buckthorn,44.0224,-79.1132
European buckthorn,44.0096,-79.1038
European buckthorn,44.0126,-79.1114
European buckthorn,44.0113,-79.1148
European buckthorn,44.0111,-79.1094
European buckthorn,44.0092,-79.1046
European buckthorn,44.0036,-79.1214
European buckthorn,44.0029,-79.1151
European buckthorn,44.004,-79.1108
European buckthorn,44.004,-79.1133
European buckthorn,44.0036,-79.1175
European buckthorn,44.0038,-79.124
European buckthorn,44.0065,-79.1248
European buckthorn,44.0072,-79.1228
European buckthorn,44.0074,-79.1196
European buckthorn,44.0062,-79.1206
European buckthorn,44.0059,-79.1212
European buckthorn,44.0006,-79.1249
European buckthorn,44.0014,-79.1214
European buckthorn,44.0025,-79.1189
European buckthorn,44.0027,-79.1209
European buckthorn,44.0025,-79.1223
European buckthorn,44.0015,-79.1236
European buckthorn,44.0012,-79.1257
European buckthorn,44.002,-79.1267
European buckthorn,44.0006,-79.127
European buckthorn,44.0064,-79.0948
European buckthorn,44.008,-79.0987
European buckthorn,44.0069,-79.0978
European buckthorn,44.0068,-79.0983
European buckthorn,44.0064,-79.0948
European buckthorn,44.008,-79.0987
European buckthorn,44.0069,-79.0978
European buckthorn,44.0068,-79.0983
European buckthorn,44.0203,-79.1257
European buckthorn,44.0208,-79.1257
European buckthorn,44.0211,-79.1253
European buckthorn,44.0261,-79.1344
European buckthorn,44.0283,-79.1302
European buckthorn,44.0203,-79.1257
European buckthorn,44.0208,-79.1257
European buckthorn,44.0211,-79.1253
European buckthorn,44.0261,-79.1344
European buckthorn,44.0283,-79.1302
European buckthorn,44.0136,-79.1141
European buckthorn,44.0143,-79.1108
European buckthorn,44.0152,-79.1114
European buckthorn,44.0136,-79.1188
European buckthorn,44.0123,-79.1246
European buckthorn,44.0112,-79.1283
European buckthorn,44.0105,-79.1282
European buckthorn,44.0107,-79.1287
European buckthorn,44.0107,-79.1312
European buckthorn,44.003,-79.1055
European buckthorn,44.0027,-79.1068
European buckthorn,44.0031,-79.1083
European buckthorn,44.002,-79.1087
European buckthorn,44.0025,-79.1077
European buckthorn,44.0026,-79.1068
European buckthorn,44.0024,-79.1064
European buckthorn,44.0033,-79.1049
European buckthorn,44.0137,-79.1141
European buckthorn,44.0143,-79.1108
European buckthorn,44.0152,-79.1114
European buckthorn,44.0136,-79.1188
European buckthorn,44.0123,-79.1246
European buckthorn,44.012,-79.1257
European buckthorn,44.0112,-79.1283
European buckthorn,44.0105,-79.1282
European buckthorn,44.0107,-79.1287
European buckthorn,44.0107,-79.1312
European buckthorn,44.003,-79.1056
European buckthorn,44.0027,-79.1068
European buckthorn,44.0037,-79.1092
European buckthorn,44.0031,-79.1083
European buckthorn,44.002,-79.1087
European buckthorn,44.0025,-79.1077
European buckthorn,44.0026,-79.1068
European buckthorn,44.0024,-79.1064
European buckthorn,44.0033,-79.1049
European buckthorn,44.0047,-79.0986
European buckthorn,44.005,-79.0706
European buckthorn,44.0046,-79.0718
European buckthorn,44.0063,-79.0724
European buckthorn,44.0069,-79.0734
European buckthorn,44.0078,-79.0738
European buckthorn,44.0084,-79.079
European buckthorn,44.0079,-79.08
European buckthorn,44.0074,-79.0804
European buckthorn,44.008,-79.0815
European buckthorn,44.0094,-79.0808
European buckthorn,44.0104,-79.0799
European buckthorn,44.009,-79.0723
European buckthorn,44.0087,-79.072
European buckthorn,44.0065,-79.0718
European buckthorn,44.0058,-79.0718
European buckthorn,44.0053,-79.0713
European buckthorn,44.007,-79.0864
European buckthorn,44.0072,-79.087
European buckthorn,44.0086,-79.0899
European buckthorn,44.0089,-79.0914
European buckthorn,44.0088,-79.0918
European buckthorn,44.0072,-79.091
European buckthorn,44.0015,-79.0871
European buckthorn,44.0086,-79.0899
European buckthorn,44.0088,-79.0918
European buckthorn,44.0073,-79.091
European buckthorn,44.0042,-79.0939
European buckthorn,44.0022,-79.0842
European buckthorn,44.0015,-79.0871
European buckthorn,44.0027,-79.0857
European buckthorn,44.0019,-79.0891
European buckthorn,44.0023,-79.0863
European buckthorn,44.0027,-79.0857
European buckthorn,44.0267,-79.1364
European buckthorn,44.0278,-79.1319
European buckthorn,44.012,-79.0967
European buckthorn,44.0079,-79.0929
European buckthorn,44.0108,-79.0965
European buckthorn,44.0057,-79.0939
European buckthorn,44.002,-79.0898
European buckthorn,44.0243,-79.1151
European buckthorn,44.0204,-79.0575
European buckthorn,44.0168,-79.0618
European buckthorn,44.0187,-79.0594
European buckthorn,44.0189,-79.0557
European buckthorn,43.8238,-79.2205
European buckthorn,43.8324,-79.2313
European buckthorn,43.8335,-79.2355
European buckthorn,43.9318,-79.4572
European buckthorn,43.9326,-79.4565
European buckthorn,43.934,-79.4545
European buckthorn,43.9229,-79.4645
European buckthorn,43.9229,-79.4762
European buckthorn,43.9252,-79.4745
European buckthorn,43.9347,-79.4654
European buckthorn,43.9353,-79.4665
European buckthorn,43.9379,-79.4675
European buckthorn,44.0221,-79.1146
European buckthorn,43.9346,-79.4614
European buckthorn,43.9351,-79.4339
European buckthorn,43.9306,-79.4667
European buckthorn,43.9262,-79.4714
European buckthorn,43.9372,-79.4301
European buckthorn,43.9372,-79.4292
European buckthorn,43.9355,-79.4286
European buckthorn,43.9413,-79.4216
European buckthorn,43.9416,-79.4277
European buckthorn,43.9427,-79.4237
European buckthorn,43.9417,-79.4236
European buckthorn,43.941,-79.4232
European buckthorn,43.9325,-79.4394
European buckthorn,43.9271,-79.4662
European buckthorn,43.9354,-79.4541
European buckthorn,43.9374,-79.4615
European buckthorn,43.9367,-79.4635
European buckthorn,43.9342,-79.4629
European buckthorn,43.9348,-79.4628
European buckthorn,43.9386,-79.4639
European buckthorn,43.9368,-79.4557
European buckthorn,43.9362,-79.4585
European buckthorn,43.9338,-79.4672
European buckthorn,44.0225,-79.1084
European buckthorn,44.0146,-79.1121
European buckthorn,44.014,-79.1143
European buckthorn,44.0134,-79.1161
European buckthorn,44.0131,-79.1184
European buckthorn,44.0142,-79.1174
European buckthorn,44.0144,-79.1171
European buckthorn,44.0151,-79.1158
European buckthorn,44.0144,-79.1142
European buckthorn,44.0151,-79.1118
European buckthorn,44.0151,-79.1113
European buckthorn,44.0157,-79.1098
European buckthorn,44.0162,-79.1082
European buckthorn,44.0174,-79.1151
European buckthorn,44.0239,-79.1162
European buckthorn,44.024,-79.1138
European buckthorn,44.0224,-79.1132
European buckthorn,44.0096,-79.1038
European buckthorn,44.0126,-79.1114
European buckthorn,44.0113,-79.1148
European buckthorn,44.0111,-79.1094
European buckthorn,44.0092,-79.1046
European buckthorn,44.0036,-79.1214
European buckthorn,44.0029,-79.1151
European buckthorn,44.004,-79.1108
European buckthorn,44.004,-79.1133
European buckthorn,44.0036,-79.1175
European buckthorn,44.0038,-79.124
European buckthorn,44.0065,-79.1248
European buckthorn,44.0072,-79.1228
European buckthorn,44.0074,-79.1196
European buckthorn,44.0062,-79.1206
European buckthorn,44.0059,-79.1212
European buckthorn,44.0006,-79.1249
European buckthorn,44.0014,-79.1214
European buckthorn,44.0025,-79.1189
European buckthorn,44.0027,-79.1209
European buckthorn,44.0025,-79.1223
European buckthorn,44.0015,-79.1236
European buckthorn,44.0012,-79.1257
European buckthorn,44.002,-79.1267
European buckthorn,44.0006,-79.127
European buckthorn,44.0064,-79.0948
European buckthorn,44.008,-79.0987
European buckthorn,44.0069,-79.0978
European buckthorn,44.0068,-79.0983
European buckthorn,44.0064,-79.0948
European buckthorn,44.008,-79.0987
European buckthorn,44.0069,-79.0978
European buckthorn,44.0068,-79.0983
European buckthorn,44.0203,-79.1257
European buckthorn,44.0208,-79.1257
European buckthorn,44.0211,-79.1253
European buckthorn,44.0261,-79.1344
European buckthorn,44.0283,-79.1302
European buckthorn,44.0203,-79.1257
European buckthorn,44.0208,-79.1257
European buckthorn,44.0211,-79.1253
European buckthorn,44.0261,-79.1344
European buckthorn,44.0283,-79.1302
European buckthorn,44.0136,-79.1141
European buckthorn,44.0143,-79.1108
European buckthorn,44.0152,-79.1114
European buckthorn,44.0136,-79.1188
European buckthorn,44.0123,-79.1246
European buckthorn,44.0112,-79.1283
European buckthorn,44.0105,-79.1282
European buckthorn,44.0107,-79.1287
European buckthorn,44.0107,-79.1312
European buckthorn,44.003,-79.1055
European buckthorn,44.0027,-79.1068
European buckthorn,44.0031,-79.1083
European buckthorn,44.002,-79.1087
European buckthorn,44.0025,-79.1077
European buckthorn,44.0026,-79.1068
European buckthorn,44.0024,-79.1064
European buckthorn,44.0033,-79.1049
European buckthorn,44.0137,-79.1141
European buckthorn,44.0143,-79.1108
European buckthorn,44.0152,-79.1114
European buckthorn,44.0136,-79.1188
European buckthorn,44.0123,-79.1246
European buckthorn,44.012,-79.1257
European buckthorn,44.0112,-79.1283
European buckthorn,44.0105,-79.1282
European buckthorn,44.0107,-79.1287
European buckthorn,44.0107,-79.1312
European buckthorn,44.003,-79.1056
European buckthorn,44.0027,-79.1068
European buckthorn,44.0037,-79.1092
European buckthorn,44.0031,-79.1083
European buckthorn,44.002,-79.1087
European buckthorn,44.0025,-79.1077
European buckthorn,44.0026,-79.1068
European buckthorn,44.0024,-79.1064
European buckthorn,44.0033,-79.1049
European buckthorn,44.0047,-79.0986
European buckthorn,44.005,-79.0706
European buckthorn,44.0046,-79.0718
European buckthorn,44.0063,-79.0724
European buckthorn,44.0069,-79.0734
European buckthorn,44.0078,-79.0738
European buckthorn,44.0084,-79.079
European buckthorn,44.0079,-79.08
European buckthorn,44.0074,-79.0804
European buckthorn,44.008,-79.0815
European buckthorn,44.0094,-79.0808
European buckthorn,44.0104,-79.0799
European buckthorn,44.009,-79.0723
European buckthorn,44.0087,-79.072
European buckthorn,44.0065,-79.0718
European buckthorn,44.0058,-79.0718
European buckthorn,44.0053,-79.0713
European buckthorn,44.007,-79.0864
European buckthorn,44.0072,-79.087
European buckthorn,44.0086,-79.0878
European buckthorn,44.0086,-79.0899
European buckthorn,44.0089,-79.0914
European buckthorn,44.0088,-79.0918
European buckthorn,44.0072,-79.091
European buckthorn,44.0036,-79.0924
European buckthorn,44.0061,-79.0869
European buckthorn,44.0015,-79.0871
European buckthorn,44.0003,-79.0903
European buckthorn,44.007,-79.0864
European buckthorn,44.0072,-79.087
European buckthorn,44.0086,-79.0878
European buckthorn,44.0086,-79.0899
European buckthorn,44.0088,-79.0918
European buckthorn,44.0073,-79.091
European buckthorn,44.0056,-79.0937
European buckthorn,44.0042,-79.0939
European buckthorn,44.0061,-79.0869
European buckthorn,44.0022,-79.0842
European buckthorn,44.0015,-79.0871
European buckthorn,44.0019,-79.0891
European buckthorn,44.0023,-79.0863
European buckthorn,44.0027,-79.0857
European buckthorn,44.0007,-79.0924
European buckthorn,44.0267,-79.1364
European buckthorn,44.0278,-79.1319
European buckthorn,44.012,-79.0967
European buckthorn,44.0079,-79.0929
European buckthorn,44.0073,-79.0913
European buckthorn,43.8369,-79.5481
European buckthorn,43.8257,-79.2225
European buckthorn,43.8309,-79.2257
European buckthorn,43.8238,-79.2205
European buckthorn,43.8232,-79.2194
European buckthorn,43.8282,-79.2243
European buckthorn,43.8335,-79.232
European buckthorn,43.8324,-79.2313
European buckthorn,43.8335,-79.2355
European buckthorn,43.8272,-79.2229
European buckthorn,43.9318,-79.4572
European buckthorn,43.9326,-79.4565
European buckthorn,43.934,-79.4545
European buckthorn,43.9223,-79.4617
European buckthorn,43.9229,-79.4645
European buckthorn,43.9229,-79.4762
European buckthorn,43.9252,-79.4745
European buckthorn,43.9347,-79.4654
European buckthorn,43.9353,-79.4665
European buckthorn,43.9379,-79.4675
European buckthorn,44.0108,-79.0965
European buckthorn,44.0057,-79.0939
European buckthorn,44.0081,-79.0891
European buckthorn,44.002,-79.0898
European buckthorn,44.0243,-79.1151
European buckthorn,44.0204,-79.0575
European buckthorn,44.0193,-79.0636
European buckthorn,44.0205,-79.0631
European buckthorn,44.0168,-79.0618
European buckthorn,44.0146,-79.0666
European buckthorn,44.0161,-79.0643
European buckthorn,44.0189,-79.0557
European buckthorn,44.0179,-79.0571
European buckthorn,44.455,-76.4564
European buckthorn,45.0876,-75.876
European buckthorn,45.1696,-75.8775
European buckthorn,44.9556,-75.8184
European buckthorn,44.9565,-75.8182
European buckthorn,44.724,-76.1453
European buckthorn,44.7129,-75.7282
European buckthorn,44.7136,-75.7269
European buckthorn,44.7134,-75.7269
European buckthorn,44.7122,-75.7287
European buckthorn,44.7124,-75.7293
European buckthorn,45.4439,-76.3601
European buckthorn,45.4431,-76.3612
European buckthorn,45.4402,-76.3611
European buckthorn,45.1775,-76.2554
European buckthorn,44.4775,-76.3484
European buckthorn,44.7238,-76.1434
European buckthorn,44.7231,-76.1431
European buckthorn,44.7232,-76.1426
European buckthorn,44.7193,-76.142
European buckthorn,44.694,-75.7521
European buckthorn,44.6957,-75.7528
European buckthorn,44.6972,-75.7519
European buckthorn,44.6978,-75.751
European buckthorn,44.6952,-75.7448
European buckthorn,44.6918,-75.719
European buckthorn,44.957,-75.8212
European buckthorn,44.956,-75.8213
European buckthorn,44.9547,-75.8194
European buckthorn,44.9538,-75.8186
European buckthorn,44.9582,-75.8219
European buckthorn,44.9573,-75.8201
European buckthorn,44.9556,-75.82
European buckthorn,44.9575,-75.8195
European buckthorn,44.9599,-75.8209
European buckthorn,44.9587,-75.821
European buckthorn,44.9593,-75.8217
European buckthorn,44.7236,-76.1449
European buckthorn,44.7231,-76.1435
European buckthorn,44.456,-77.6167
European buckthorn,44.4849,-76.3576
European buckthorn,44.0071,-79.4537
European buckthorn,44.3006,-78.3118
European buckthorn,43.3929,-80.2162
European buckthorn,44.1578,-78.4798
European buckthorn,44.3573,-79.6582
European buckthorn,44.3436,-78.3161
European buckthorn,44.3425,-79.0865
European buckthorn,44.3317,-78.3272
European buckthorn,44.344,-78.3141
European buckthorn,44.3438,-78.3149
European buckthorn,44.3415,-78.3221
European buckthorn,44.3406,-78.3228
European buckthorn,44.3395,-78.3234
European buckthorn,44.338,-78.3242
European buckthorn,44.3363,-78.325
European buckthorn,44.3331,-78.3266
European buckthorn,44.3156,-78.3406
European buckthorn,44.3109,-78.3381
European buckthorn,44.3106,-78.3379
European buckthorn,44.3098,-78.3368
European buckthorn,44.3088,-78.3302
European buckthorn,44.3088,-78.3275
European buckthorn,44.3078,-78.3253
European buckthorn,44.3046,-78.3161
European buckthorn,44.3003,-78.3181
European buckthorn,44.2994,-78.3166
European buckthorn,44.3001,-78.3151
European buckthorn,44.2984,-78.3033
European buckthorn,44.2962,-78.3023
European buckthorn,44.295,-78.3007
European buckthorn,44.2934,-78.2984
European buckthorn,44.3215,-78.3178
European buckthorn,44.3208,-78.3184
European buckthorn,44.3701,-78.3697
European buckthorn,44.3693,-78.3639
European buckthorn,44.3684,-78.7836
European buckthorn,44.3678,-78.3623
European buckthorn,44.3659,-78.3604
European buckthorn,44.3655,-78.36
European buckthorn,44.3417,-78.2878
European buckthorn,44.342,-78.2857
European buckthorn,44.2932,-78.2969
European buckthorn,44.2772,-78.3342
European buckthorn,44.2751,-78.3357
European buckthorn,44.3214,-78.335
European buckthorn,43.3753,-80.2853
European buckthorn,44.3431,-78.2875
European buckthorn,44.3439,-78.2882
European buckthorn,44.3465,-78.29
European buckthorn,44.2837,-78.33
European buckthorn,44.2796,-78.3325
European buckthorn,44.3436,-78.3156
European buckthorn,44.3432,-78.3174
European buckthorn,44.3427,-78.32
European buckthorn,44.3426,-78.3202
European buckthorn,44.3188,-78.3382
European buckthorn,44.3425,-78.3206
European buckthorn,44.342,-78.3221
European buckthorn,44.3244,-78.3124
European buckthorn,44.3242,-78.3126
European buckthorn,44.324,-78.3128
European buckthorn,44.3229,-78.3141
European buckthorn,44.3441,-78.2896
European buckthorn,44.3424,-78.2898
European buckthorn,44.344,-78.2885
European buckthorn,44.2519,-79.1149
European buckthorn,44.2558,-79.0979
European buckthorn,44.2574,-79.091
European buckthorn,44.272,-79.0261
European buckthorn,44.2723,-79.0248
European buckthorn,44.2701,-79.0187
European buckthorn,44.2635,-79.0159
European buckthorn,44.2617,-79.0151
European buckthorn,44.2569,-79.0132
European buckthorn,44.2547,-79.0123
European buckthorn,44.2524,-79.0114
European buckthorn,44.2439,-79.0082
European buckthorn,44.2403,-79.0066
European buckthorn,44.2384,-79.0057
European buckthorn,44.2356,-79.0108
European buckthorn,44.2728,-79.0222
European buckthorn,44.2748,-79.0132
European buckthorn,44.2754,-79.0105
European buckthorn,44.2758,-79.009
European buckthorn,44.2759,-79.0083
European buckthorn,44.2762,-79.0069
European buckthorn,44.2788,-78.9952
European buckthorn,44.2798,-78.9906
European buckthorn,44.2343,-79.0161
European buckthorn,44.2343,-79.0161
European buckthorn,44.2335,-79.0197
European buckthorn,44.2329,-79.0223
European buckthorn,44.2322,-79.0256
European buckthorn,44.2316,-79.0274
European buckthorn,44.23,-79.0354
European buckthorn,44.2286,-79.0428
European buckthorn,44.2281,-79.0437
European buckthorn,44.2284,-79.0435
European buckthorn,44.2261,-79.0532
European buckthorn,44.2175,-79.0901
European buckthorn,44.2149,-79.104
European buckthorn,44.215,-79.1034
European buckthorn,44.2128,-79.1132
European buckthorn,44.2127,-79.1141
European buckthorn,44.2115,-79.1183
European buckthorn,44.2109,-79.1212
European buckthorn,44.2106,-79.1253
European buckthorn,44.2238,-79.1227
European buckthorn,44.2298,-79.096
European buckthorn,44.2353,-79.098
European buckthorn,44.2362,-79.0984
European buckthorn,44.2419,-79.1005
European buckthorn,44.243,-79.1008
European buckthorn,44.2448,-79.1016
European buckthorn,44.3539,-79.1959
European buckthorn,44.2591,-79.0834
European buckthorn,44.2595,-79.0813
European buckthorn,44.2619,-79.0703
European buckthorn,44.2653,-79.0556
European buckthorn,44.3455,-78.2912
European buckthorn,44.3445,-78.2929
European buckthorn,44.3473,-78.2903
European buckthorn,44.3464,-78.2897
European buckthorn,44.2494,-79.1036
European buckthorn,44.2507,-79.1042
European buckthorn,44.2634,-79.1015
European buckthorn,44.2661,-79.1026
European buckthorn,44.2532,-79.1127
European buckthorn,44.249,-79.1288
European buckthorn,44.25,-79.1238
European buckthorn,44.251,-79.1194
European buckthorn,44.4231,-79.1323
European buckthorn,44.4266,-79.0578
European buckthorn,44.3967,-79.0763
European buckthorn,44.386,-79.0587
European buckthorn,44.3721,-79.1805
European buckthorn,44.2204,-79.0287
European buckthorn,44.2061,-79.0857
European buckthorn,44.3249,-78.312
European buckthorn,44.2669,-79.0487
European buckthorn,44.2672,-79.047
European buckthorn,44.2699,-79.0354
European buckthorn,44.4027,-79.1656
European buckthorn,44.4144,-79.1767
European buckthorn,44.412,-79.1717
European buckthorn,44.4159,-79.1657
European buckthorn,44.4165,-79.163
European buckthorn,44.4267,-79.1526
European buckthorn,44.4452,-79.1489
European buckthorn,44.4618,-79.1326
European buckthorn,44.4609,-79.1364
European buckthorn,44.4515,-79.1507
European buckthorn,44.4476,-79.138
European buckthorn,44.4577,-79.0933
European buckthorn,44.4584,-79.0901
European buckthorn,44.4605,-79.0807
European buckthorn,44.4615,-79.076
European buckthorn,44.4636,-79.0666
European buckthorn,44.4638,-79.0655
European buckthorn,44.4322,-79.0903
European buckthorn,44.1832,-76.4127
European buckthorn,44.1889,-76.4003
European buckthorn,44.1913,-76.3953
European buckthorn,44.1926,-76.3896
European buckthorn,44.1798,-76.3775
European buckthorn,44.178,-76.3756
European buckthorn,44.1786,-76.3763
European buckthorn,44.1925,-76.3926
European buckthorn,44.1804,-76.4187
European buckthorn,44.2011,-79.0834
European buckthorn,44.2054,-79.0849
European buckthorn,44.2813,-78.9841
European buckthorn,44.2816,-78.983
European buckthorn,44.2816,-78.9821
European buckthorn,44.2822,-78.9798
European buckthorn,44.2822,-78.9796
European buckthorn,44.2924,-78.9791
European buckthorn,44.2862,-78.7793
European buckthorn,44.2054,-79.0849
European buckthorn,44.2054,-79.0849
European buckthorn,44.2069,-79.0777
European buckthorn,44.1885,-76.441
European buckthorn,44.271,-79.0319
European buckthorn,44.271,-79.0304
European buckthorn,44.3897,-79.1736
European buckthorn,44.4032,-79.1633
European buckthorn,44.4042,-79.1579
European buckthorn,44.3204,-79.3747
European buckthorn,44.3165,-79.3723
European buckthorn,44.3154,-79.4003
European buckthorn,44.316,-79.3975
European buckthorn,44.3164,-79.3952
European buckthorn,44.3169,-79.3927
European buckthorn,44.3176,-79.3894
European buckthorn,44.3186,-79.384
European buckthorn,44.2984,-79.2406
European buckthorn,44.1919,-76.4094
European buckthorn,44.1753,-76.3946
European buckthorn,44.1668,-76.4076
European buckthorn,44.1772,-76.4168
European buckthorn,44.1794,-76.4188
European buckthorn,44.193,-76.4316
European buckthorn,44.2885,-79.2838
European buckthorn,44.218,-79.4179
European buckthorn,44.2972,-79.4726
European buckthorn,44.2816,-79.4336
European buckthorn,44.3092,-79.3098
European buckthorn,44.3081,-79.3149
European buckthorn,44.3257,-79.2967
European buckthorn,44.3252,-79.2986
European buckthorn,44.3233,-79.3065
European buckthorn,44.1668,-76.4277
European buckthorn,44.1697,-76.3852
European buckthorn,44.3211,-79.3164
European buckthorn,44.3209,-79.3176
European buckthorn,44.3043,-79.2141
European buckthorn,44.3072,-79.2003
European buckthorn,44.3084,-79.1957
European buckthorn,44.3168,-79.1827
European buckthorn,44.315,-79.2041
European buckthorn,44.3159,-79.2111
European buckthorn,44.3401,-79.2625
European buckthorn,44.3251,-79.2598
European buckthorn,44.2483,-79.3867
European buckthorn,44.0982,-79.3886
European buckthorn,44.4819,-79.1561
European buckthorn,44.4834,-79.1545
European buckthorn,44.4867,-79.15
European buckthorn,44.4867,-79.15
European buckthorn,44.0982,-79.3886
European buckthorn,44.0246,-77.794
European buckthorn,44.3525,-78.2816
European buckthorn,44.3241,-78.3122
