,
,
,
Himalayan balsam,"48.4427, -89.2204"
Himalayan balsam,"43.4621, -80.5471"
Himalayan balsam,"46.4969, -84.2988"
Himalayan balsam,"43.4524, -80.5161"
Himalayan balsam,"45.2994, -75.8745"
Himalayan balsam,"46.5531, -84.3341"
Himalayan balsam,"45.4347, -75.6934"
Himalayan balsam,"49.4014, -91.6574"
Himalayan balsam,"43.42, -80.418"
Himalayan balsam,"46.6108, -84.5403"
Himalayan balsam,"43.9693, -78.1734"
Himalayan balsam,"44.0913, -77.9352"
Himalayan balsam,"43.9589, -78.4231"
Himalayan balsam,"43.9415, -78.3365"
Himalayan balsam,"44.0065, -77.1383"
Himalayan balsam,"45.3194, -79.0685"
Himalayan balsam,"53.5875, -113.388"
Himalayan balsam,"44.5002, -80.2243"
Himalayan balsam,"48.4382, -89.256"
Himalayan balsam,"44.8504, -88.6812"
Himalayan balsam,"46.478, -84.3466"
Himalayan balsam,"43.982, -77.9026"
Himalayan balsam,"44.2839, -78.3449"
Himalayan balsam,"44.0303, -79.5046"
Himalayan balsam,"43.7528, -80.1888"
Himalayan balsam,"43.6468, -79.9193"
Himalayan balsam,"43.8871, -79.7247"
Himalayan balsam,"44.0265, -79.4646"
Himalayan balsam,"45.3398, -79.9386"
Himalayan balsam,"49.7764, -92.828"
Himalayan balsam,"45.0596, -74.5593"
Himalayan balsam,"46.509, -84.2558"
Himalayan balsam,"43.3591, -80.9931"
Himalayan balsam,"45.3564, -75.7703"
Himalayan balsam,"45.065, -79.6562"
Himalayan balsam,"44.0071, -79.4713"
Himalayan balsam,"48.4401, -89.218"
Himalayan balsam,"43.3771, -80.9703"
Himalayan balsam,"43.3223, -81.1788"
Himalayan balsam,"44.2265, -76.583"
Himalayan balsam,"46.5184, -84.3297"
Himalayan balsam,"43.8768, -78.8571"
Himalayan balsam,"43.8746, -78.853"
Himalayan balsam,"48.4414, -89.2199"
Himalayan balsam,"46.4123, -81.2243"
Himalayan balsam,"43.9002, -78.5948"
Himalayan balsam,"43.9314, -78.6198"
Himalayan balsam,"43.9037, -78.5804"
Himalayan balsam,"43.904, -78.5777"
Himalayan balsam,"44.0168, -78.5043"
Himalayan balsam,"45.6486, -76.8749"
Himalayan balsam,"48.4404, -89.219"
Himalayan balsam,"48.4403, -89.2189"
Himalayan balsam,"44.1267, -81.1479"
Himalayan balsam,"46.5092, -84.2555"
Himalayan balsam,"46.5092, -84.2555"
Himalayan balsam,"44.9304, -79.826"
Himalayan balsam,"43.9516, -78.3031"
Himalayan balsam,"46.5176, -84.3219"
Himalayan balsam,"43.3906, -79.7111"
Himalayan balsam,"43.6896, -80.4194"
Himalayan balsam,"45.4494, -75.8818"
Himalayan balsam,"59.4649, -135.301"
Himalayan balsam,"59.4566, -135.318"
Himalayan balsam,"59.4561, -135.313"
Himalayan balsam,"59.4546, -135.317"
Himalayan balsam,"59.4558, -135.315"
Himalayan balsam,"59.461, -135.305"
Himalayan balsam,"59.4544, -135.316"
Himalayan balsam,"59.4566, -135.318"
Himalayan balsam,"59.461, -135.304"
Himalayan balsam,"59.4544, -135.316"
Himalayan balsam,"59.4611, -135.305"
Himalayan balsam,"59.4647, -135.301"
Himalayan balsam,"58.4272, -134.76"
Himalayan balsam,"59.4648, -135.301"
Himalayan balsam,"58.385, -134.744"
Himalayan balsam,"59.1498, -135.349"
Himalayan balsam,"59.456, -135.313"
Himalayan balsam,"59.4561, -135.313"
Himalayan balsam,"59.456, -135.313"
Himalayan balsam,"59.456, -135.313"
Himalayan balsam,"58.4279, -134.758"
Himalayan balsam,"58.4276, -134.758"
Himalayan balsam,"59.4558, -135.315"
Himalayan balsam,"59.4547, -135.317"
Himalayan balsam,"59.4647, -135.301"
Himalayan balsam,"58.5371, -134.841"
Himalayan balsam,"59.4648, -135.301"
Himalayan balsam,"58.4211, -134.626"
Himalayan balsam,"59.4556, -135.313"
Himalayan balsam,"59.4558, -135.313"
Himalayan balsam,"59.4557, -135.313"
Himalayan balsam,"59.4555, -135.313"
Himalayan balsam,"59.4555, -135.313"
Himalayan balsam,"59.4557, -135.313"
Himalayan balsam,"59.4555, -135.313"
Himalayan balsam,"59.4559, -135.313"
Himalayan balsam,"59.4558, -135.313"
Himalayan balsam,"59.4558, -135.315"
Himalayan balsam,"59.4555, -135.312"
Himalayan balsam,"59.4557, -135.313"
Himalayan balsam,"59.4557, -135.313"
Himalayan balsam,"59.4556, -135.313"
Himalayan balsam,"59.4557, -135.313"
Himalayan balsam,"59.4557, -135.313"
Himalayan balsam,"59.4556, -135.313"
Himalayan balsam,"59.4544, -135.316"
Himalayan balsam,"59.4546, -135.317"
Himalayan balsam,"58.5013, -134.769"
Himalayan balsam,"64.7564, -147.352"
Himalayan balsam,"64.8375, -147.781"
Himalayan balsam,"64.8317, -147.725"
Himalayan balsam,"64.8199, -147.952"
Himalayan balsam,"64.9054, -147.722"
Himalayan balsam,"59.4544, -135.316"
Himalayan balsam,"64.4138, -146.894"
Himalayan balsam,"58.4272, -134.759"
Himalayan balsam,"59.4547, -135.317"
Himalayan balsam,"59.4547, -135.317"
Himalayan balsam,"59.4649, -135.301"
Himalayan balsam,"59.4648, -135.301"
Himalayan balsam,"59.4649, -135.301"
Himalayan balsam,"59.4544, -135.316"
Himalayan balsam,"59.4547, -135.317"
Himalayan balsam,"57.1066, -135.399"
Himalayan balsam,"58.3832, -134.744"
Himalayan balsam,"58.3832, -134.744"
Himalayan balsam,"59.2251, -135.423"
Himalayan balsam,"59.2384, -135.483"
Himalayan balsam,"59.2435, -135.46"
Himalayan balsam,"60.5674, -151.235"
Himalayan balsam,"61.2024, -149.826"
Himalayan balsam,"61.2071, -149.908"
Himalayan balsam,"61.2065, -149.816"
Himalayan balsam,"61.213, -149.911"
Himalayan balsam,"61.213, -149.91"
Himalayan balsam,"61.2126, -149.912"
Himalayan balsam,"61.1892, -149.783"
Himalayan balsam,"61.1912, -149.774"
Himalayan balsam,"61.1876, -149.778"
Himalayan balsam,"59.2359, -135.471"
Himalayan balsam,"61.1909, -149.746"
Himalayan balsam,"61.139, -149.914"
Himalayan balsam,"61.1501, -149.915"
Himalayan balsam,"61.2222, -149.75"
Himalayan balsam,"61.2267, -149.791"
Himalayan balsam,"59.2318, -135.441"
Himalayan balsam,"43.6347, -79.4964"
Himalayan balsam,"44.2001, -79.4792"
Himalayan balsam,"44.3189, -78.3401"
Himalayan balsam,"44.0547, -79.4384"
Himalayan balsam,"45.2257, -79.287"
Himalayan balsam,"45.3593, -75.7753"
Himalayan balsam,"45.3432, -75.8076"
Himalayan balsam,"48.3838, -89.2324"
Himalayan balsam,"48.3838, -89.2324"
Himalayan balsam,"48.3838, -89.2324"
Himalayan balsam,"48.3838, -89.2324"
Himalayan balsam,"48.3838, -89.2324"
Himalayan balsam,"48.3838, -89.2324"
Himalayan balsam,"48.3867, -89.2576"
Himalayan balsam,"46.336, -79.4714"
Himalayan balsam,"48.3795, -89.2694"
Himalayan balsam,"45.3463, -75.7182"
Himalayan balsam,"43.4608, -81.2026"
Himalayan balsam,"43.9828, -77.9027"
Himalayan balsam,"44.002, -77.8871"
Himalayan balsam,"44.0019, -77.8873"
Himalayan balsam,"44.0019, -77.8873"
Himalayan balsam,"44.0932, -79.4911"
Himalayan balsam,"45.2852, -75.8777"
Himalayan balsam,"45.3063, -75.7353"
Himalayan balsam,"48.4481, -89.2031"
Himalayan balsam,"46.3076, -79.446"
Himalayan balsam,"43.9711, -78.1882"
Himalayan balsam,"43.9724, -78.1887"
Himalayan balsam,"43.9692, -78.1883"
Himalayan balsam,"43.9675, -78.186"
Himalayan balsam,"43.9685, -78.1861"
Himalayan balsam,"43.9688, -78.187"
Himalayan balsam,"43.9695, -78.1868"
Himalayan balsam,"43.9697, -78.1861"
Himalayan balsam,"43.9701, -78.1865"
Himalayan balsam,"43.9726, -78.1885"
Himalayan balsam,"44.0328, -78.1472"
Himalayan balsam,"44.0326, -78.1471"
Himalayan balsam,"44.0322, -78.1475"
Himalayan balsam,"43.9004, -78.5957"
Himalayan balsam,"43.9001, -78.5966"
Himalayan balsam,"43.9004, -78.6"
Himalayan balsam,"43.9012, -78.5995"
Himalayan balsam,"43.902, -78.6007"
Himalayan balsam,"43.9406, -78.6177"
Himalayan balsam,"43.948, -78.6216"
Himalayan balsam,"43.4633, -81.196"
Himalayan balsam,"44.618, -79.4264"
Himalayan balsam,"47.4559, -116.785"
Himalayan balsam,"43.3261, -79.886"
Himalayan balsam,"43.3256, -79.8861"
Himalayan balsam,"43.3252, -79.8861"
Himalayan balsam,"43.3248, -79.886"
Himalayan balsam,"44.5982, -79.4253"
Himalayan balsam,"43.4468, -79.6621"
Himalayan balsam,"46.5327, -84.2966"
Himalayan balsam,"43.633, -79.7599"
Himalayan balsam,"43.4272, -79.8457"
Himalayan balsam,"45.2899, -76.7633"
Himalayan balsam,"45.2899, -76.7633"
Himalayan balsam,"45.5752, -76.7189"
Himalayan balsam,"53.5397, -113.271"
Himalayan balsam,"43.9007, -78.8503"
Himalayan balsam,"45.3597, -75.7766"
Himalayan balsam,"45.3558, -75.7693"
Himalayan balsam,"44.6516, -79.6782"
Himalayan balsam,"44.6837, -79.668"
Himalayan balsam,"43.95, -79.6142"
Himalayan balsam,"44.0049, -79.6518"
Himalayan balsam,"43.9914, -79.6231"
Himalayan balsam,"44.3374, -78.3194"
Himalayan balsam,"44.1025, -79.7643"
Himalayan balsam,"46.4353, -81.1452"
Himalayan balsam,"43.9806, -77.9011"
Himalayan balsam,"44.4057, -79.6763"
Himalayan balsam,"44.2641, -79.4862"
Himalayan balsam,"43.3872, -80.3769"
Himalayan balsam,"43.3872, -80.3769"
Himalayan balsam,"43.3852, -80.38"
Himalayan balsam,"43.385, -80.3808"
Himalayan balsam,"43.3848, -80.3812"
Himalayan balsam,"43.3848, -80.3813"
Himalayan balsam,"43.3848, -80.3813"
Himalayan balsam,"43.3848, -80.3813"
Himalayan balsam,"43.3848, -80.3814"
Himalayan balsam,"43.3848, -80.3814"
Himalayan balsam,"43.3847, -80.3824"
Himalayan balsam,"43.3847, -80.3826"
Himalayan balsam,"43.3847, -80.3827"
Himalayan balsam,"43.3847, -80.3827"
Himalayan balsam,"43.3847, -80.3827"
Himalayan balsam,"43.3847, -80.3828"
Himalayan balsam,"43.3847, -80.3828"
Himalayan balsam,"43.3847, -80.3829"
Himalayan balsam,"43.3847, -80.3829"
Himalayan balsam,"43.3847, -80.383"
Himalayan balsam,"43.3847, -80.383"
Himalayan balsam,"43.3847, -80.3831"
Himalayan balsam,"43.3847, -80.3831"
Himalayan balsam,"43.3847, -80.3832"
Himalayan balsam,"43.3847, -80.3832"
Himalayan balsam,"43.3847, -80.3832"
Himalayan balsam,"43.3847, -80.3805"
Himalayan balsam,"43.3847, -80.3833"
Himalayan balsam,"43.3847, -80.3833"
Himalayan balsam,"43.3848, -80.3835"
Himalayan balsam,"43.3848, -80.3835"
Himalayan balsam,"43.3848, -80.3836"
Himalayan balsam,"43.3848, -80.3836"
Himalayan balsam,"43.3848, -80.3837"
Himalayan balsam,"43.3848, -80.3837"
Himalayan balsam,"43.3849, -80.3838"
Himalayan balsam,"43.3849, -80.3838"
Himalayan balsam,"43.3849, -80.3838"
Himalayan balsam,"43.3849, -80.3838"
Himalayan balsam,"43.3848, -80.3839"
Himalayan balsam,"43.3851, -80.3847"
Himalayan balsam,"43.3851, -80.3849"
Himalayan balsam,"43.3851, -80.3849"
Himalayan balsam,"43.3851, -80.3849"
Himalayan balsam,"43.3851, -80.3849"
Himalayan balsam,"43.3851, -80.385"
Himalayan balsam,"43.3851, -80.385"
Himalayan balsam,"43.3852, -80.385"
Himalayan balsam,"43.3852, -80.3851"
Himalayan balsam,"43.3852, -80.3851"
Himalayan balsam,"43.3852, -80.3852"
Himalayan balsam,"43.3852, -80.3852"
Himalayan balsam,"43.3852, -80.3853"
Himalayan balsam,"43.3853, -80.3853"
Himalayan balsam,"43.3853, -80.3853"
Himalayan balsam,"43.3856, -80.3856"
Himalayan balsam,"43.3856, -80.3856"
Himalayan balsam,"43.3856, -80.3856"
Himalayan balsam,"43.3856, -80.3856"
Himalayan balsam,"43.3856, -80.3856"
Himalayan balsam,"43.3857, -80.3856"
Himalayan balsam,"43.3857, -80.3856"
Himalayan balsam,"43.3857, -80.3857"
Himalayan balsam,"43.3857, -80.3857"
Himalayan balsam,"43.3857, -80.3858"
Himalayan balsam,"43.3858, -80.3857"
Himalayan balsam,"43.3857, -80.3857"
Himalayan balsam,"43.3858, -80.3858"
Himalayan balsam,"43.3858, -80.3858"
Himalayan balsam,"43.3858, -80.3858"
Himalayan balsam,"43.3859, -80.3859"
Himalayan balsam,"43.386, -80.3859"
Himalayan balsam,"43.386, -80.3859"
Himalayan balsam,"43.386, -80.3859"
Himalayan balsam,"43.3861, -80.3857"
Himalayan balsam,"43.3861, -80.3858"
Himalayan balsam,"43.386, -80.3859"
Himalayan balsam,"43.3852, -80.3801"
Himalayan balsam,"43.385, -80.3804"
Himalayan balsam,"43.385, -80.3809"
Himalayan balsam,"43.3848, -80.3812"
Himalayan balsam,"43.3847, -80.3816"
Himalayan balsam,"43.3847, -80.3824"
Himalayan balsam,"43.3856, -80.3855"
Himalayan balsam,"43.3853, -80.3853"
Himalayan balsam,"43.3854, -80.3854"
Himalayan balsam,"43.3856, -80.3855"
Himalayan balsam,"43.3856, -80.3855"
Himalayan balsam,"45.8306, -77.1342"
Himalayan balsam,"43.7929, -79.5983"
Himalayan balsam,"45.3591, -75.7772"
Himalayan balsam,"43.6772, -70.3046"
Himalayan balsam,"48.3869, -89.2104"
Himalayan balsam,"48.3869, -89.2104"
Himalayan balsam,"48.3869, -89.2104"
Himalayan balsam,"48.3869, -89.2104"
Himalayan balsam,"48.3869, -89.2104"
Himalayan balsam,"48.3869, -89.2104"
Himalayan balsam,"48.3869, -89.2104"
Himalayan balsam,"48.3869, -89.2104"
Himalayan balsam,"46.6708, -85.9852"
Himalayan balsam,"42.0906, -83.1441"
Himalayan balsam,"42.978, -82.4181"
Himalayan balsam,"43.3852, -80.3851"
Himalayan balsam,"45.8306, -77.1342"
Himalayan balsam,"43.7929, -79.5983"
Himalayan balsam,"43.2364, -124.148"
Himalayan balsam,"45.4833, -110.567"
Himalayan balsam,"46.3223, -84.498"
Himalayan balsam,"46.3223, -84.498"
Himalayan balsam,"42.917, -82.5979"
Himalayan balsam,"46.4602, -85.7096"
Himalayan balsam,"46.3833, -86.6335"
Himalayan balsam,"46.21, -87.034"
Himalayan balsam,"45.9085, -116.121"
Himalayan balsam,"43.4912, -112.046"
Himalayan balsam,"48.2333, -116.283"
Himalayan balsam,"47.5222, -116.473"
Himalayan balsam,"47.7618, -116.77"
Himalayan balsam,"47.7044, -116.771"
Himalayan balsam,"45.4982, -122.431"
Himalayan balsam,"46.1333, -114.134"
Himalayan balsam,"41.7048, -74.7468"
Himalayan balsam,"42.383, -76.8722"
Himalayan balsam,"42.9402, -75.6859"
Himalayan balsam,"44.1622, -73.7376"
Himalayan balsam,"43.7662, -75.4507"
Himalayan balsam,"42.917, -82.5979"
Himalayan balsam,"43.6678, -70.306"
Himalayan balsam,"49.9443, -97.0999"
Himalayan balsam,"49.9441, -97.0997"
Himalayan balsam,"43.9092, -69.2338"
Himalayan balsam,"44.1234, -69.1313"
Himalayan balsam,"44.1234, -69.1313"
Himalayan balsam,"42.2992, -73.2332"
Himalayan balsam,"42.3035, -73.3254"
Himalayan balsam,"44.0028, -69.6661"
Himalayan balsam,"44.1291, -69.2468"
Himalayan balsam,"44.9189, -67.012"
Himalayan balsam,"44.2906, -68.7167"
Himalayan balsam,"44.1561, -68.6672"
Himalayan balsam,"44.0481, -68.8322"
Himalayan balsam,"44.0481, -68.8322"
Himalayan balsam,"44.2928, -69.0683"
Himalayan balsam,"44.3009, -69.2632"
Himalayan balsam,"41.5502, -72.088"
Himalayan balsam,"44.6207, -67.3847"
Himalayan balsam,"44.2933, -69.1439"
Himalayan balsam,"44.1592, -68.6429"
Himalayan balsam,"44.2906, -68.7167"
Himalayan balsam,"42.4518, -73.2609"
Himalayan balsam,"42.2992, -73.2332"
Himalayan balsam,"44.2097, -69.0653"
Himalayan balsam,"43.8496, -69.6344"
Himalayan balsam,"44.1234, -69.1313"
Himalayan balsam,"44.1234, -69.1313"
Himalayan balsam,"44.8297, -67.0216"
Himalayan balsam,"44.8297, -67.0216"
Himalayan balsam,"42.2992, -73.2332"
Himalayan balsam,"42.3898, -73.3568"
Himalayan balsam,"42.4214, -73.3461"
Himalayan balsam,"42.2911, -71.125"
Himalayan balsam,"42.2972, -71.075"
Himalayan balsam,"42.494, -70.8361"
Himalayan balsam,"43.2691, -73.0531"
Himalayan balsam,"43.2691, -73.0531"
Himalayan balsam,"43.8496, -69.6344"
Himalayan balsam,"44.2906, -68.7167"
Himalayan balsam,"44.9189, -67.012"
Himalayan balsam,"44.9189, -67.012"
Himalayan balsam,"44.9189, -67.012"
Himalayan balsam,"45.1337, -67.2091"
Himalayan balsam,"42.408, -73.3535"
Himalayan balsam,"42.2908, -73.2381"
Himalayan balsam,"44.2373, -68.3461"
Himalayan balsam,"44.2375, -68.3463"
Himalayan balsam,"44.2377, -68.3468"
Himalayan balsam,"44.1183, -69.1351"
Himalayan balsam,"43.7493, -70.0081"
Himalayan balsam,"44.6676, -70.1454"
Himalayan balsam,"41.7972, -72.3925"
Himalayan balsam,"49.3333, -123.118"
Himalayan balsam,"49.3345, -123.107"
Himalayan balsam,"49.3357, -123.108"
Himalayan balsam,"49.3343, -123.105"
Himalayan balsam,"49.3322, -123.093"
Himalayan balsam,"49.3319, -123.093"
Himalayan balsam,"49.333, -123.093"
Himalayan balsam,"49.3389, -123.113"
Himalayan balsam,"49.3207, -122.953"
Himalayan balsam,"49.3211, -122.952"
Himalayan balsam,"49.3025, -122.96"
Himalayan balsam,"49.3438, -123.09"
Himalayan balsam,"49.3217, -122.951"
Himalayan balsam,"49.3353, -123.108"
Himalayan balsam,"49.325, -122.945"
Himalayan balsam,"49.3619, -123.102"
Himalayan balsam,"49.3111, -122.997"
Himalayan balsam,"49.3359, -123.117"
Himalayan balsam,"49.3345, -123.117"
Himalayan balsam,"49.3598, -123.092"
Himalayan balsam,"49.3453, -123.1"
Himalayan balsam,"49.344, -123.03"
Himalayan balsam,"49.3299, -123.12"
Himalayan balsam,"49.3451, -123.101"
Himalayan balsam,"49.3571, -123.026"
Himalayan balsam,"49.3339, -123.031"
Himalayan balsam,"49.3602, -123.094"
Himalayan balsam,"49.3462, -123.098"
Himalayan balsam,"49.3289, -123.123"
Himalayan balsam,"49.3492, -123.098"
Himalayan balsam,"49.3601, -123.091"
Himalayan balsam,"49.3603, -123.094"
Himalayan balsam,"49.3372, -123.034"
Himalayan balsam,"49.3522, -123.099"
Himalayan balsam,"49.3298, -123.031"
Himalayan balsam,"49.353, -123.084"
Himalayan balsam,"49.3288, -123.127"
Himalayan balsam,"49.3449, -123.101"
Himalayan balsam,"49.3447, -123.101"
Himalayan balsam,"49.3511, -123.115"
Himalayan balsam,"49.3459, -123.098"
Himalayan balsam,"49.3457, -123.098"
Himalayan balsam,"49.3451, -123.101"
Himalayan balsam,"49.3393, -123.046"
Himalayan balsam,"49.3159, -123.033"
Himalayan balsam,"49.3491, -123.098"
Himalayan balsam,"49.3496, -123.02"
Himalayan balsam,"49.344, -123.031"
Himalayan balsam,"49.3085, -122.998"
Himalayan balsam,"49.3497, -123.02"
Himalayan balsam,"49.3113, -123.036"
Himalayan balsam,"49.3558, -123.025"
Himalayan balsam,"49.3283, -123.031"
Himalayan balsam,"49.3379, -123.034"
Himalayan balsam,"49.3553, -123.081"
Himalayan balsam,"49.3543, -123.083"
Himalayan balsam,"49.354, -123.084"
Himalayan balsam,"49.3582, -123.109"
Himalayan balsam,"49.3365, -123.117"
Himalayan balsam,"49.3558, -123.025"
Himalayan balsam,"49.3563, -123.025"
Himalayan balsam,"49.3313, -123.03"
Himalayan balsam,"49.3322, -123.03"
Himalayan balsam,"49.3276, -123.03"
Himalayan balsam,"49.3403, -123.046"
Himalayan balsam,"49.3532, -123.084"
Himalayan balsam,"49.3112, -122.997"
Himalayan balsam,"49.357, -123.026"
Himalayan balsam,"49.3165, -123.033"
Himalayan balsam,"49.3468, -123.087"
Himalayan balsam,"49.3441, -123.03"
Himalayan balsam,"49.344, -123.03"
Himalayan balsam,"49.346, -123.03"
Himalayan balsam,"49.3441, -123.031"
Himalayan balsam,"49.3175, -123.033"
Himalayan balsam,"49.3376, -123.038"
Himalayan balsam,"43.9262, -71.8971"
Himalayan balsam,"43.265, -111.702"
Himalayan balsam,"43.5001, -112.138"
Himalayan balsam,"43.3727, -112.123"
Himalayan balsam,"43.4377, -112.02"
Himalayan balsam,"43.4714, -112.033"
Himalayan balsam,"43.3122, -111.674"
Himalayan balsam,"43.3193, -111.677"
Himalayan balsam,"49.8283, -97.1903"
Himalayan balsam,"49.8706, -97.1049"
Himalayan balsam,"49.8703, -97.1044"
Himalayan balsam,"50.0657, -96.9702"
Himalayan balsam,"49.9131, -97.1162"
Himalayan balsam,"49.9406, -97.1043"
Himalayan balsam,"49.9385, -97.1112"
Himalayan balsam,"49.9368, -97.1128"
Himalayan balsam,"49.934, -97.1138"
Himalayan balsam,"49.9316, -97.1135"
Himalayan balsam,"49.8788, -97.2379"
Himalayan balsam,"49.8819, -97.1728"
Himalayan balsam,"49.8838, -97.1636"
Himalayan balsam,"49.8827, -97.1716"
Himalayan balsam,"49.8836, -97.1726"
Himalayan balsam,"49.8818, -97.1625"
Himalayan balsam,"49.8843, -97.1616"
Himalayan balsam,"49.8852, -97.1617"
Himalayan balsam,"49.8837, -97.1637"
Himalayan balsam,"49.8833, -97.1638"
Himalayan balsam,"49.8823, -97.1639"
Himalayan balsam,"49.8036, -97.1357"
Himalayan balsam,"49.8652, -97.1393"
Himalayan balsam,"49.9152, -97.1212"
Himalayan balsam,"49.9143, -97.117"
Himalayan balsam,"49.9159, -97.123"
Himalayan balsam,"49.915, -97.1181"
Himalayan balsam,"49.9159, -97.1178"
Himalayan balsam,"49.9168, -97.1184"
Himalayan balsam,"49.8586, -97.2612"
Himalayan balsam,"49.8663, -97.152"
Himalayan balsam,"49.8805, -97.1708"
Himalayan balsam,"49.8807, -97.1708"
Himalayan balsam,"49.8808, -97.1709"
Himalayan balsam,"49.8804, -97.1697"
Himalayan balsam,"49.8813, -97.1684"
Himalayan balsam,"49.8809, -97.1684"
Himalayan balsam,"49.8805, -97.1675"
Himalayan balsam,"49.8816, -97.1652"
Himalayan balsam,"49.881, -97.1662"
Himalayan balsam,"49.8778, -97.1701"
Himalayan balsam,"49.878, -97.17"
Himalayan balsam,"49.8786, -97.17"
Himalayan balsam,"49.8782, -97.168"
Himalayan balsam,"49.8782, -97.1678"
Himalayan balsam,"49.8792, -97.1674"
Himalayan balsam,"49.8474, -97.0742"
Himalayan balsam,"49.8744, -97.2342"
Himalayan balsam,"49.8744, -97.2342"
Himalayan balsam,"49.8726, -97.2733"
Himalayan balsam,"49.8167, -97.1433"
Himalayan balsam,"49.8677, -97.1555"
Himalayan balsam,"49.8686, -97.1566"
Himalayan balsam,"49.8843, -97.1561"
Himalayan balsam,"49.9179, -97.116"
Himalayan balsam,"49.9164, -97.1164"
Himalayan balsam,"49.9158, -97.1151"
Himalayan balsam,"49.919, -97.1177"
Himalayan balsam,"49.9188, -97.1171"
Himalayan balsam,"49.8783, -97.1663"