Purple loosestrife,49.7451,-84.1338
Purple loosestrife,45.3589,-75.9738
Purple loosestrife,43.8702,-78.7941
Purple loosestrife,44.3212,-79.3272
Purple loosestrife,44.3263,-79.3247
Purple loosestrife,44.3255,-79.3264
Purple loosestrife,44.3309,-79.329
Purple loosestrife,44.332,-79.329
Purple loosestrife,44.3319,-79.3288
Purple loosestrife,44.3319,-79.3288
Purple loosestrife,44.333,-79.3233
Purple loosestrife,44.3329,-79.3232
Purple loosestrife,44.3326,-79.3228
Purple loosestrife,44.3322,-79.3224
Purple loosestrife,44.3301,-79.3239
Purple loosestrife,44.3308,-79.3238
Purple loosestrife,44.3301,-79.3237
Purple loosestrife,44.3301,-79.3237
Purple loosestrife,44.331,-79.3225
Purple loosestrife,44.331,-79.3225
Purple loosestrife,44.3311,-79.3224
Purple loosestrife,44.3327,-79.3177
Purple loosestrife,44.3303,-79.326
Purple loosestrife,44.3319,-79.329
Purple loosestrife,44.3327,-79.3176
Purple loosestrife,44.4908,-76.0006
Purple loosestrife,44.4837,-75.9936
Purple loosestrife,44.504,-76.04
Purple loosestrife,44.8912,-77.1956
Purple loosestrife,44.9005,-77.2042
Purple loosestrife,45.2635,-76.1469
Purple loosestrife,45.2593,-76.1461
Purple loosestrife,45.2558,-76.1511
Purple loosestrife,45.0542,-75.681
Purple loosestrife,45.2567,-79.0588
Purple loosestrife,46.5431,-84.2877
Purple loosestrife,44.5328,-78.751
Purple loosestrife,48.7222,-94.5696
Purple loosestrife,44.1037,-78.3366
Purple loosestrife,44.1037,-78.3366
Purple loosestrife,44.103,-78.3367
Purple loosestrife,44.103,-78.3367
Purple loosestrife,44.103,-78.3367
Purple loosestrife,44.103,-78.3367
Purple loosestrife,44.103,-78.3367
Purple loosestrife,44.103,-78.3367
Purple loosestrife,44.1018,-78.3363
Purple loosestrife,44.0766,-78.3477
Purple loosestrife,44.4467,-78.6459
Purple loosestrife,44.4488,-78.6441
Purple loosestrife,44.4501,-78.6423
Purple loosestrife,44.5721,-78.7342
Purple loosestrife,44.6048,-78.7412
Purple loosestrife,44.5721,-78.7342
Purple loosestrife,44.5721,-78.7342
Purple loosestrife,44.5609,-78.7293
Purple loosestrife,44.552,-78.7248
Purple loosestrife,44.5503,-78.7239
Purple loosestrife,44.5408,-78.7044
Purple loosestrife,44.5338,-78.6969
Purple loosestrife,44.5299,-78.6949
Purple loosestrife,44.523,-78.6915
Purple loosestrife,46.268,-83.9464
Purple loosestrife,46.268,-83.9464
Purple loosestrife,48.6139,-90.2211
Purple loosestrife,44.0997,-78.4081
Purple loosestrife,44.0942,-78.3999
Purple loosestrife,44.8286,-76.3135
Purple loosestrife,44.0722,-78.3788
Purple loosestrife,44.0641,-78.3192
Purple loosestrife,44.0273,-78.3014
Purple loosestrife,44.0352,-78.323
Purple loosestrife,44.0336,-78.3483
Purple loosestrife,44.0577,-78.4014
Purple loosestrife,44.0496,-78.4326
Purple loosestrife,44.042,-78.429
Purple loosestrife,44.0338,-78.416
Purple loosestrife,43.9813,-78.3168
Purple loosestrife,44.2959,-78.3162
Purple loosestrife,43.9343,-78.4313
Purple loosestrife,44.2521,-78.7654
Purple loosestrife,44.1045,-78.9404
Purple loosestrife,44.1073,-78.9447
Purple loosestrife,43.6271,-79.4753
Purple loosestrife,48.6895,-94.2497
Purple loosestrife,42.9606,-81.3277
Purple loosestrife,44.5047,-76.0422
Purple loosestrife,43.9473,-80.1048
Purple loosestrife,44.539,-78.7844
Purple loosestrife,44.539,-78.7844
Purple loosestrife,45.0387,-79.308
Purple loosestrife,43.9481,-80.0964
Purple loosestrife,43.9481,-80.0964
Purple loosestrife,46.5207,-84.4446
Purple loosestrife,44.0867,-77.338
Purple loosestrife,44.9969,-76.4416
Purple loosestrife,45.1152,-81.528
Purple loosestrife,45.1154,-81.5276
Purple loosestrife,45.114,-81.5285
Purple loosestrife,45.1148,-81.5282
Purple loosestrife,45.2306,-81.6279
Purple loosestrife,45.1993,-81.5683
Purple loosestrife,45.1259,-81.5399
Purple loosestrife,45.2097,-81.4945
Purple loosestrife,45.2087,-81.4976
Purple loosestrife,46.3462,-84.0868
Purple loosestrife,46.2274,-84.0883
Purple loosestrife,46.3312,-83.8862
Purple loosestrife,46.344,-84.083
Purple loosestrife,46.3455,-84.0867
Purple loosestrife,46.3457,-84.0867
Purple loosestrife,46.3459,-84.0867
Purple loosestrife,46.346,-84.0867
Purple loosestrife,46.3461,-84.0867
Purple loosestrife,46.3462,-84.0868
Purple loosestrife,46.3464,-84.0868
Purple loosestrife,46.3452,-84.088
Purple loosestrife,46.3454,-84.0881
Purple loosestrife,46.3455,-84.0883
Purple loosestrife,46.3457,-84.0883
Purple loosestrife,46.3458,-84.0884
Purple loosestrife,46.346,-84.0885
Purple loosestrife,46.3462,-84.0887
Purple loosestrife,46.3464,-84.0888
Purple loosestrife,46.3867,-84.1232
Purple loosestrife,46.3867,-84.1231
Purple loosestrife,46.3868,-84.123
Purple loosestrife,46.3868,-84.123
Purple loosestrife,46.3883,-84.1257
Purple loosestrife,46.176,-84.0446
Purple loosestrife,46.3885,-84.125
Purple loosestrife,46.3885,-84.1249
Purple loosestrife,46.3885,-84.1249
Purple loosestrife,46.3885,-84.1248
Purple loosestrife,46.3886,-84.1247
Purple loosestrife,46.3845,-84.1231
Purple loosestrife,46.3844,-84.1229
Purple loosestrife,46.3844,-84.1227
Purple loosestrife,46.3843,-84.1224
Purple loosestrife,46.3843,-84.1222
Purple loosestrife,46.1451,-83.8901
Purple loosestrife,46.4277,-84.1008
Purple loosestrife,46.4278,-84.1013
Purple loosestrife,46.4278,-84.102
Purple loosestrife,46.4278,-84.1026
Purple loosestrife,46.4279,-84.1031
Purple loosestrife,46.4432,-84.0998
Purple loosestrife,46.4431,-84.0981
Purple loosestrife,46.4431,-84.0973
Purple loosestrife,46.4557,-84.0993
Purple loosestrife,46.4557,-84.0991
Purple loosestrife,46.4557,-84.0988
Purple loosestrife,46.4557,-84.0986
Purple loosestrife,46.4222,-84.1058
Purple loosestrife,46.4221,-84.1052
Purple loosestrife,46.422,-84.1046
Purple loosestrife,46.422,-84.104
Purple loosestrife,46.422,-84.1034
Purple loosestrife,46.4066,-84.1138
Purple loosestrife,46.4064,-84.1135
Purple loosestrife,46.4058,-84.1126
Purple loosestrife,46.414,-84.1111
Purple loosestrife,46.4136,-84.1102
Purple loosestrife,46.4127,-84.1079
Purple loosestrife,46.4127,-84.1079
Purple loosestrife,46.4127,-84.1079
Purple loosestrife,46.4127,-84.1079
Purple loosestrife,46.2273,-84.0907
Purple loosestrife,46.2275,-84.0907
Purple loosestrife,46.2277,-84.0906
Purple loosestrife,46.2279,-84.0905
Purple loosestrife,46.2271,-84.0883
Purple loosestrife,46.2273,-84.0883
Purple loosestrife,46.2271,-84.0838
Purple loosestrife,46.2273,-84.0837
Purple loosestrife,46.2274,-84.0837
Purple loosestrife,46.4939,-84.269
Purple loosestrife,46.4936,-84.2706
Purple loosestrife,44.7972,-79.7392
Purple loosestrife,44.8691,-79.817
Purple loosestrife,44.8693,-79.8205
Purple loosestrife,44.8696,-79.8187
Purple loosestrife,44.8687,-79.8205
Purple loosestrife,44.869,-79.8206
Purple loosestrife,44.7368,-79.7352
Purple loosestrife,44.7674,-79.9543
Purple loosestrife,44.7693,-79.9538
Purple loosestrife,44.506,-80.2317
Purple loosestrife,44.7651,-79.8087
Purple loosestrife,44.5231,-80.2554
Purple loosestrife,44.5065,-80.2319
Purple loosestrife,44.7612,-79.8052
Purple loosestrife,44.5061,-80.2316
Purple loosestrife,44.7307,-79.8053
Purple loosestrife,44.522,-80.2539
Purple loosestrife,44.5253,-80.274
Purple loosestrife,44.7528,-79.6912
Purple loosestrife,44.7527,-79.6912
Purple loosestrife,44.7526,-79.6912
Purple loosestrife,44.7525,-79.6912
Purple loosestrife,44.7524,-79.6911
Purple loosestrife,44.7552,-79.6998
Purple loosestrife,44.7333,-79.7391
Purple loosestrife,44.7336,-79.7392
Purple loosestrife,44.7328,-79.7421
Purple loosestrife,44.7329,-79.742
Purple loosestrife,44.7331,-79.7419
Purple loosestrife,44.7333,-79.7419
Purple loosestrife,44.7334,-79.7418
Purple loosestrife,44.7327,-79.7421
Purple loosestrife,44.7609,-79.8061
Purple loosestrife,44.7608,-79.8066
Purple loosestrife,44.7606,-79.807
Purple loosestrife,44.7627,-79.8074
Purple loosestrife,44.7626,-79.8077
Purple loosestrife,44.7627,-79.8077
Purple loosestrife,44.7627,-79.8077
Purple loosestrife,44.7626,-79.8077
Purple loosestrife,44.7626,-79.8077
Purple loosestrife,44.7653,-79.8082
Purple loosestrife,44.7649,-79.8092
Purple loosestrife,44.7647,-79.8097
Purple loosestrife,44.7687,-79.9538
Purple loosestrife,44.7687,-79.9539
Purple loosestrife,44.7687,-79.9539
Purple loosestrife,44.7687,-79.954
Purple loosestrife,44.7674,-79.9542
Purple loosestrife,44.7693,-79.9537
Purple loosestrife,44.7693,-79.9537
Purple loosestrife,44.7693,-79.9538
Purple loosestrife,44.7694,-79.9538
Purple loosestrife,44.7693,-79.9539
Purple loosestrife,44.7375,-79.7355
Purple loosestrife,44.7372,-79.7354
Purple loosestrife,44.7372,-79.7354
Purple loosestrife,44.7371,-79.7352
Purple loosestrife,44.737,-79.7352
Purple loosestrife,44.7367,-79.7352
Purple loosestrife,44.7328,-79.7388
Purple loosestrife,44.7331,-79.7389
Purple loosestrife,44.733,-79.8054
Purple loosestrife,44.7329,-79.8057
Purple loosestrife,44.7328,-79.806
Purple loosestrife,44.7311,-79.8045
Purple loosestrife,44.5056,-80.2296
Purple loosestrife,44.5061,-80.2316
Purple loosestrife,44.5061,-80.2316
Purple loosestrife,44.5061,-80.2316
Purple loosestrife,44.5063,-80.2327
Purple loosestrife,44.5065,-80.2319
Purple loosestrife,44.5068,-80.2313
Purple loosestrife,44.5063,-80.233
Purple loosestrife,44.7309,-79.8048
Purple loosestrife,44.7307,-79.8052
Purple loosestrife,44.7306,-79.8058
Purple loosestrife,44.7305,-79.8063
Purple loosestrife,44.7304,-79.8067
Purple loosestrife,44.5063,-80.233
Purple loosestrife,44.5053,-80.2334
Purple loosestrife,44.5056,-80.2326
Purple loosestrife,44.5063,-80.2309
Purple loosestrife,44.5056,-80.2327
Purple loosestrife,44.5056,-80.2327
Purple loosestrife,44.5156,-80.2341
Purple loosestrife,44.7312,-79.8029
Purple loosestrife,44.7309,-79.803
Purple loosestrife,44.7307,-79.8031
Purple loosestrife,44.7304,-79.8031
Purple loosestrife,44.5149,-80.2342
Purple loosestrife,44.5147,-80.2339
Purple loosestrife,44.5147,-80.2337
Purple loosestrife,44.7855,-79.7481
Purple loosestrife,44.7853,-79.7565
Purple loosestrife,44.5212,-80.2542
Purple loosestrife,44.5204,-80.2533
Purple loosestrife,44.5209,-80.2526
Purple loosestrife,44.5203,-80.2519
Purple loosestrife,44.5222,-80.2538
Purple loosestrife,44.5219,-80.2533
Purple loosestrife,44.5211,-80.2523
Purple loosestrife,44.5207,-80.2518
Purple loosestrife,44.5266,-80.2757
Purple loosestrife,44.5262,-80.2759
Purple loosestrife,44.5257,-80.2761
Purple loosestrife,44.5253,-80.2762
Purple loosestrife,44.5267,-80.2761
Purple loosestrife,44.5266,-80.2763
Purple loosestrife,44.5264,-80.2765
Purple loosestrife,44.5263,-80.2767
Purple loosestrife,44.5262,-80.2768
Purple loosestrife,44.527,-80.2735
Purple loosestrife,44.5267,-80.2735
Purple loosestrife,44.5261,-80.2737
Purple loosestrife,44.5257,-80.2738
Purple loosestrife,44.5256,-80.2739
Purple loosestrife,44.5254,-80.2739
Purple loosestrife,44.5056,-80.2295
Purple loosestrife,44.5051,-80.2307
Purple loosestrife,44.7888,-81.2909
Purple loosestrife,44.7803,-81.2988
Purple loosestrife,44.3613,-81.5488
Purple loosestrife,44.729,-81.2794
Purple loosestrife,44.7472,-81.3036
Purple loosestrife,44.3793,-81.525
Purple loosestrife,44.3792,-81.5248
Purple loosestrife,44.379,-81.5245
Purple loosestrife,44.3788,-81.5279
Purple loosestrife,44.3778,-81.5259
Purple loosestrife,44.3775,-81.5252
Purple loosestrife,44.4015,-81.5086
Purple loosestrife,44.4014,-81.5084
Purple loosestrife,44.4014,-81.5081
Purple loosestrife,44.3617,-81.5419
Purple loosestrife,44.3621,-81.5419
Purple loosestrife,44.3632,-81.5419
Purple loosestrife,44.3629,-81.5446
Purple loosestrife,44.7366,-81.279
Purple loosestrife,44.7367,-81.2785
Purple loosestrife,44.7409,-81.2823
Purple loosestrife,44.7285,-81.2794
Purple loosestrife,44.7461,-81.3038
Purple loosestrife,44.7471,-81.3012
Purple loosestrife,44.7469,-81.3013
Purple loosestrife,44.7466,-81.3017
Purple loosestrife,43.2271,-81.9061
Purple loosestrife,43.2322,-81.9078
Purple loosestrife,43.1725,-82.0206
Purple loosestrife,43.2267,-81.9059
Purple loosestrife,43.2263,-81.9056
Purple loosestrife,43.2259,-81.9055
Purple loosestrife,43.232,-81.9078
Purple loosestrife,43.2321,-81.9078
Purple loosestrife,43.2322,-81.9078
Purple loosestrife,43.2323,-81.9078
Purple loosestrife,43.1817,-82.0189
Purple loosestrife,43.1817,-82.0189
Purple loosestrife,43.1816,-82.0182
Purple loosestrife,43.1816,-82.0178
Purple loosestrife,43.1816,-82.0178
Purple loosestrife,43.1814,-82.0175
Purple loosestrife,43.1734,-82.0241
Purple loosestrife,43.1731,-82.0234
Purple loosestrife,43.1754,-82.0237
Purple loosestrife,43.1754,-82.0237
Purple loosestrife,43.1752,-82.0207
Purple loosestrife,43.1752,-82.0207
Purple loosestrife,43.1746,-82.0187
Purple loosestrife,43.1746,-82.0187
Purple loosestrife,42.3071,-82.5142
Purple loosestrife,42.3073,-82.5177
Purple loosestrife,42.3075,-82.5176
Purple loosestrife,42.1946,-83.1005
Purple loosestrife,42.2073,-83.1045
Purple loosestrife,42.2451,-83.1044
Purple loosestrife,42.3009,-82.614
Purple loosestrife,42.3006,-82.614
Purple loosestrife,42.3015,-82.6115
Purple loosestrife,42.3027,-82.6112
Purple loosestrife,42.3033,-82.6111
Purple loosestrife,42.2438,-83.085
Purple loosestrife,42.2451,-83.1044
Purple loosestrife,42.2448,-83.1045
Purple loosestrife,42.1945,-83.0997
Purple loosestrife,42.1945,-83.0988
Purple loosestrife,42.1944,-83.0979
Purple loosestrife,42.1982,-83.101
Purple loosestrife,42.1982,-83.1012
Purple loosestrife,42.1754,-83.0871
Purple loosestrife,42.1754,-83.0871
Purple loosestrife,42.1754,-83.087
Purple loosestrife,42.1754,-83.0869
Purple loosestrife,42.1755,-83.0868
Purple loosestrife,41.9971,-82.8507
Purple loosestrife,42.0043,-82.9696
Purple loosestrife,42.0049,-82.9695
Purple loosestrife,42.0036,-82.9697
Purple loosestrife,42.004,-82.9696
Purple loosestrife,42.0046,-82.9696
Purple loosestrife,42.0165,-82.5691
Purple loosestrife,42.0164,-82.569
Purple loosestrife,42.0165,-82.5692
Purple loosestrife,42.0165,-82.5693
Purple loosestrife,42.0177,-82.569
Purple loosestrife,42.0178,-82.569
Purple loosestrife,42.0178,-82.5692
Purple loosestrife,42.0178,-82.5694
Purple loosestrife,42.3833,-82.4139
Purple loosestrife,42.2982,-81.9202
Purple loosestrife,42.3089,-81.907
Purple loosestrife,42.3092,-81.9074
Purple loosestrife,42.2947,-81.9233
Purple loosestrife,42.2981,-81.92
Purple loosestrife,42.2983,-81.9203
Purple loosestrife,42.8474,-79.7763
Purple loosestrife,42.8472,-79.776
Purple loosestrife,42.8472,-79.7761
Purple loosestrife,42.8493,-79.779
Purple loosestrife,42.8494,-79.779
Purple loosestrife,42.8495,-79.779
Purple loosestrife,42.8496,-79.7789
Purple loosestrife,42.8497,-79.7789
Purple loosestrife,42.885,-79.5772
Purple loosestrife,42.891,-79.5909
Purple loosestrife,42.8912,-79.5909
Purple loosestrife,42.8912,-79.5908
Purple loosestrife,43.2705,-79.9071
Purple loosestrife,43.3952,-79.7175
Purple loosestrife,43.3954,-79.7175
Purple loosestrife,43.3956,-79.7176
Purple loosestrife,43.3948,-79.7172
Purple loosestrife,43.5191,-79.6034
Purple loosestrife,43.519,-79.6033
Purple loosestrife,43.5191,-79.6035
Purple loosestrife,43.5172,-79.6067
Purple loosestrife,43.5172,-79.6067
Purple loosestrife,43.5172,-79.6067
Purple loosestrife,43.5172,-79.6067
Purple loosestrife,43.6379,-79.4802
Purple loosestrife,43.6378,-79.4801
Purple loosestrife,43.6378,-79.4801
Purple loosestrife,43.6378,-79.4801
Purple loosestrife,43.6378,-79.4801
Purple loosestrife,43.6378,-79.4801
Purple loosestrife,43.8976,-78.598
Purple loosestrife,43.8472,-78.9557
Purple loosestrife,43.9821,-77.9014
Purple loosestrife,44.0318,-77.7035
Purple loosestrife,44.0142,-77.7406
Purple loosestrife,43.982,-77.9011
Purple loosestrife,44.0041,-77.718
Purple loosestrife,44.0042,-77.718
Purple loosestrife,44.0042,-77.718
Purple loosestrife,44.0043,-77.718
Purple loosestrife,44.0043,-77.718
Purple loosestrife,44.0044,-77.718
Purple loosestrife,44.0044,-77.718
Purple loosestrife,44.0045,-77.718
Purple loosestrife,44.0045,-77.718
Purple loosestrife,44.0105,-77.7395
Purple loosestrife,44.0105,-77.7395
Purple loosestrife,44.0104,-77.7396
Purple loosestrife,44.0143,-77.7406
Purple loosestrife,44.0306,-77.6998
Purple loosestrife,44.0306,-77.6997
Purple loosestrife,44.0016,-77.7178
Purple loosestrife,44.0014,-77.7181
Purple loosestrife,44.0013,-77.7184
Purple loosestrife,44.0044,-77.7164
Purple loosestrife,44.0044,-77.7164
Purple loosestrife,44.0045,-77.7164
Purple loosestrife,44.0045,-77.7164
Purple loosestrife,44.0046,-77.7164
Purple loosestrife,44.004,-77.7181
Purple loosestrife,43.9821,-77.9008
Purple loosestrife,43.9822,-77.9009
Purple loosestrife,43.9822,-77.9012
Purple loosestrife,43.982,-77.9013
Purple loosestrife,43.9819,-77.9023
Purple loosestrife,43.9819,-77.9024
Purple loosestrife,44.1428,-77.3266
Purple loosestrife,44.1019,-77.3219
Purple loosestrife,44.1023,-77.3215
Purple loosestrife,44.1023,-77.3216
Purple loosestrife,44.1427,-77.3266
Purple loosestrife,44.1424,-77.3267
Purple loosestrife,44.1423,-77.3267
Purple loosestrife,44.1419,-77.3306
Purple loosestrife,44.1418,-77.331
Purple loosestrife,44.1398,-77.3444
Purple loosestrife,44.1397,-77.3444
Purple loosestrife,44.1395,-77.3451
Purple loosestrife,44.1394,-77.3451
Purple loosestrife,44.1393,-77.3458
Purple loosestrife,43.9649,-77.2401
Purple loosestrife,44.0136,-77.5578
Purple loosestrife,44.0157,-77.5982
Purple loosestrife,44.0125,-77.5553
Purple loosestrife,44.0125,-77.5551
Purple loosestrife,44.0125,-77.555
Purple loosestrife,44.0125,-77.5549
Purple loosestrife,44.0125,-77.5549
Purple loosestrife,44.0135,-77.5577
Purple loosestrife,44.0136,-77.5578
Purple loosestrife,44.0135,-77.5579
Purple loosestrife,44.0135,-77.5579
Purple loosestrife,44.0135,-77.558
Purple loosestrife,44.0135,-77.558
Purple loosestrife,44.0133,-77.5571
Purple loosestrife,44.0135,-77.5571
Purple loosestrife,44.0141,-77.5571
Purple loosestrife,44.0143,-77.5571
Purple loosestrife,44.0165,-77.5962
Purple loosestrife,44.0165,-77.5962
Purple loosestrife,44.0114,-77.6001
Purple loosestrife,44.0971,-77.5054
Purple loosestrife,44.0985,-77.5005
Purple loosestrife,44.0548,-77.5721
Purple loosestrife,44.0548,-77.5721
Purple loosestrife,44.0549,-77.5722
Purple loosestrife,44.0549,-77.5722
Purple loosestrife,44.0543,-77.573
Purple loosestrife,44.0543,-77.573
Purple loosestrife,44.0544,-77.5731
Purple loosestrife,44.1697,-77.3193
Purple loosestrife,44.1697,-77.3193
Purple loosestrife,44.1696,-77.3192
Purple loosestrife,44.1709,-77.3174
Purple loosestrife,44.1709,-77.3174
Purple loosestrife,44.1709,-77.3174
Purple loosestrife,44.171,-77.3174
Purple loosestrife,44.1106,-77.5184
Purple loosestrife,44.1107,-77.5186
Purple loosestrife,44.1108,-77.5186
Purple loosestrife,44.1546,-76.9192
Purple loosestrife,44.1703,-76.9598
Purple loosestrife,44.1663,-76.9649
Purple loosestrife,44.1663,-76.965
Purple loosestrife,44.1502,-76.5016
Purple loosestrife,44.1898,-76.4594
Purple loosestrife,44.1896,-76.4595
Purple loosestrife,44.2396,-76.5968
Purple loosestrife,44.1787,-76.5008
Purple loosestrife,44.1787,-76.5009
Purple loosestrife,44.4748,-76.4285
Purple loosestrife,44.562,-76.1869
Purple loosestrife,44.5515,-76.1997
Purple loosestrife,44.6238,-76.8758
Purple loosestrife,44.6238,-76.876
Purple loosestrife,44.6237,-76.8764
Purple loosestrife,44.479,-76.4268
Purple loosestrife,44.479,-76.4268
Purple loosestrife,44.479,-76.4268
Purple loosestrife,44.479,-76.4268
Purple loosestrife,44.4728,-76.4301
Purple loosestrife,44.4728,-76.4301
Purple loosestrife,44.4728,-76.4301
Purple loosestrife,44.4728,-76.4301
Purple loosestrife,44.5608,-76.1835
Purple loosestrife,44.5608,-76.1835
Purple loosestrife,44.5586,-76.1851
Purple loosestrife,44.5586,-76.1851
Purple loosestrife,45.173,-76.2511
Purple loosestrife,45.1717,-76.2515
Purple loosestrife,45.1686,-76.2521
Purple loosestrife,45.1683,-76.2536
Purple loosestrife,45.168,-76.2524
Purple loosestrife,44.5591,-76.1849
Purple loosestrife,44.5591,-76.1849
Purple loosestrife,44.5586,-76.1851
Purple loosestrife,44.5586,-76.1851
Purple loosestrife,44.5585,-76.1852
Purple loosestrife,44.5585,-76.1852
Purple loosestrife,44.5575,-76.1854
Purple loosestrife,44.5575,-76.1854
Purple loosestrife,44.5554,-76.1954
Purple loosestrife,44.5554,-76.1954
Purple loosestrife,44.482,-76.1412
Purple loosestrife,44.482,-76.1412
Purple loosestrife,44.482,-76.1412
Purple loosestrife,44.482,-76.1412
Purple loosestrife,44.4726,-76.142
Purple loosestrife,44.4726,-76.142
Purple loosestrife,44.4726,-76.142
Purple loosestrife,44.4726,-76.142
Purple loosestrife,44.4723,-76.1419
Purple loosestrife,44.4723,-76.1419
Purple loosestrife,44.4723,-76.1419
Purple loosestrife,44.4723,-76.1419
Purple loosestrife,44.4702,-76.3823
Purple loosestrife,44.4596,-76.3798
Purple loosestrife,44.4595,-76.3799
Purple loosestrife,44.6984,-75.748
Purple loosestrife,44.4938,-76.4261
Purple loosestrife,45.1745,-76.2629
Purple loosestrife,44.4588,-76.3807
Purple loosestrife,44.5349,-76.58
Purple loosestrife,44.5549,-76.188
Purple loosestrife,44.4558,-76.4573
Purple loosestrife,44.4548,-76.4558
Purple loosestrife,44.478,-76.364
Purple loosestrife,44.5323,-76.5799
Purple loosestrife,44.5322,-76.5734
Purple loosestrife,44.4801,-76.3607
Purple loosestrife,44.5296,-76.5814
Purple loosestrife,44.4901,-76.3515
Purple loosestrife,44.464,-76.4294
Purple loosestrife,44.4797,-76.4277
Purple loosestrife,44.8191,-80.2214
Purple loosestrife,45.1277,-79.5075
Purple loosestrife,49.7497,-94.6282
Purple loosestrife,48.3821,-89.4427
Purple loosestrife,48.4017,-89.2703
Purple loosestrife,48.3997,-89.2641
Purple loosestrife,45.1152,-76.3955
Purple loosestrife,43.4699,-80.5446
Purple loosestrife,48.3981,-89.7729
Purple loosestrife,46.5326,-84.3842
Purple loosestrife,47.9663,-80.643
Purple loosestrife,42.9381,-81.3009
Purple loosestrife,48.5669,-80.4858
Purple loosestrife,48.1031,-80.2041
Purple loosestrife,44.2108,-77.7732
Purple loosestrife,44.6407,-78.811
Purple loosestrife,48.3462,-89.3598
Purple loosestrife,48.3466,-89.3635
Purple loosestrife,48.3533,-89.3612
Purple loosestrife,44.995,-76.23
Purple loosestrife,44.9504,-75.7557
Purple loosestrife,48.6635,-93.7771
Purple loosestrife,44.3076,-79.5615
Purple loosestrife,49.5514,-82.9513
Purple loosestrife,44.4558,-76.4573
Purple loosestrife,44.4548,-76.4558
Purple loosestrife,45.1696,-75.8775
Purple loosestrife,45.1703,-75.8777
Purple loosestrife,45.1701,-75.8785
Purple loosestrife,45.1735,-75.8822
Purple loosestrife,44.723,-76.145
Purple loosestrife,44.7229,-76.1447
Purple loosestrife,44.7229,-76.1445
Purple loosestrife,44.7229,-76.1444
Purple loosestrife,44.7229,-76.1442
Purple loosestrife,44.7228,-76.1434
Purple loosestrife,44.7228,-76.1433
Purple loosestrife,44.7228,-76.1433
Purple loosestrife,44.7227,-76.1433
Purple loosestrife,44.7226,-76.1432
Purple loosestrife,44.7227,-76.143
Purple loosestrife,44.7216,-76.1422
Purple loosestrife,44.7225,-76.1448
Purple loosestrife,44.7224,-76.1432
Purple loosestrife,44.7127,-75.7277
Purple loosestrife,44.712,-75.7284
Purple loosestrife,44.7119,-75.7283
Purple loosestrife,44.7119,-75.7285
Purple loosestrife,45.1742,-76.261
Purple loosestrife,45.1755,-76.2539
Purple loosestrife,45.174,-76.2546
Purple loosestrife,45.1733,-76.2511
Purple loosestrife,45.1739,-76.2612
Purple loosestrife,45.1736,-76.2504
Purple loosestrife,45.1718,-76.2515
Purple loosestrife,45.1745,-76.2547
Purple loosestrife,45.1753,-76.2549
Purple loosestrife,45.1762,-76.2565
Purple loosestrife,45.1764,-76.2575
Purple loosestrife,45.1743,-76.2611
Purple loosestrife,44.5322,-76.5734
Purple loosestrife,44.5323,-76.5799
Purple loosestrife,44.5297,-76.5815
Purple loosestrife,44.5296,-76.5814
Purple loosestrife,44.5287,-76.5818
Purple loosestrife,44.4797,-76.4277
Purple loosestrife,44.464,-76.4294
Purple loosestrife,44.4901,-76.3515
Purple loosestrife,44.4801,-76.3607
Purple loosestrife,44.479,-76.3689
Purple loosestrife,43.5481,-80.5937
Purple loosestrife,48.6183,-80.8807
Purple loosestrife,44.2614,-78.4064
Purple loosestrife,44.2745,-78.3163
Purple loosestrife,44.2934,-78.5849
Purple loosestrife,45.2149,-75.1566
Purple loosestrife,43.9245,-78.7435
Purple loosestrife,43.8734,-79.3169
Purple loosestrife,44.749,-79.7812
Purple loosestrife,47.6647,-80.2204
Purple loosestrife,47.5372,-79.8134
Purple loosestrife,48.1286,-80.0729
Purple loosestrife,45.4553,-74.9414
Purple loosestrife,44.9489,-75.057
Purple loosestrife,45.3453,-80.0468
Purple loosestrife,44.4712,-80.099
Purple loosestrife,44.4703,-80.1031
Purple loosestrife,44.2726,-80.1912
Purple loosestrife,45.029,-75.1827
Purple loosestrife,44.519,-80.0212
Purple loosestrife,45.0034,-75.3706
Purple loosestrife,44.9244,-75.1357
Purple loosestrife,47.7301,-80.3309
Purple loosestrife,47.7183,-80.3164
Purple loosestrife,45.0459,-75.0885
Purple loosestrife,45.0472,-75.1076
Purple loosestrife,45.0848,-75.0474
Purple loosestrife,44.7883,-79.7135
Purple loosestrife,48.1022,-80.2004
Purple loosestrife,43.2234,-81.9394
Purple loosestrife,43.8914,-77.0439
Purple loosestrife,41.9483,-82.5178
Purple loosestrife,42.916,-82.1678
Purple loosestrife,44.3776,-77.3113
Purple loosestrife,44.4266,-77.2172
Purple loosestrife,42.2692,-83.0894
Purple loosestrife,44.5988,-76.8742
Purple loosestrife,42.9164,-82.1715
Purple loosestrife,42.8861,-79.3056
Purple loosestrife,48.4869,-85.1387
Purple loosestrife,47.4537,-84.7586
Purple loosestrife,46.5589,-84.1885
Purple loosestrife,46.5103,-84.0499
Purple loosestrife,46.4234,-84.0678
Purple loosestrife,46.3421,-83.9341
Purple loosestrife,46.2873,-83.7002
Purple loosestrife,44.831,-79.8737
Purple loosestrife,43.8679,-78.7994
Purple loosestrife,43.8392,-78.9653
Purple loosestrife,42.9715,-79.6452
Purple loosestrife,43.0423,-79.1141
Purple loosestrife,43.8626,-77.1661
Purple loosestrife,42.9586,-79.1709
Purple loosestrife,42.8876,-79.2787
Purple loosestrife,42.9294,-79.255
Purple loosestrife,43.1277,-79.3089
Purple loosestrife,42.2601,-81.8956
Purple loosestrife,42.8926,-78.9223
Purple loosestrife,42.8766,-79.1645
Purple loosestrife,42.873,-79.0367
Purple loosestrife,42.8696,-79.1845
Purple loosestrife,43.1258,-79.0825
Purple loosestrife,43.0489,-79.1148
Purple loosestrife,42.8754,-79.3078
Purple loosestrife,43.0687,-79.0678
Purple loosestrife,42.931,-78.9438
Purple loosestrife,42.9568,-82.3665
Purple loosestrife,42.2893,-83.0367
Purple loosestrife,42.1634,-83.0955
Purple loosestrife,43.0689,-79.068
Purple loosestrife,43.0621,-79.0175
Purple loosestrife,46.2919,-81.7128
Purple loosestrife,46.2087,-82.6562
Purple loosestrife,46.2079,-82.2329
Purple loosestrife,42.7794,-82.4485
Purple loosestrife,43.0682,-79.068
Purple loosestrife,43.1352,-79.0507
Purple loosestrife,43.1226,-79.0697
Purple loosestrife,43.0688,-79.0679
Purple loosestrife,43.2451,-79.0607
Purple loosestrife,43.1227,-79.0723
Purple loosestrife,43.1204,-79.0725
Purple loosestrife,43.1184,-79.0678
Purple loosestrife,43.1351,-79.0507
Purple loosestrife,43.2438,-79.0674
Purple loosestrife,43.1355,-79.0505
Purple loosestrife,43.1218,-79.0682
Purple loosestrife,43.1204,-79.073
Purple loosestrife,43.0489,-79.1147
Purple loosestrife,42.8857,-79.2933
Purple loosestrife,43.118,-79.0671
Purple loosestrife,43.1232,-79.071
Purple loosestrife,46.2518,-83.1632
Purple loosestrife,46.2505,-83.1612
Purple loosestrife,49.0257,-85.8958
Purple loosestrife,49.455,-91.8386
Purple loosestrife,44.1067,-77.3472
Purple loosestrife,44.1617,-77.0607
Purple loosestrife,45.8054,-77.0271
Purple loosestrife,44.4981,-81.3768
Purple loosestrife,44.4021,-81.5071
Purple loosestrife,46.4216,-84.0683
Purple loosestrife,46.3421,-83.9334
Purple loosestrife,46.2087,-82.6563
Purple loosestrife,49.7856,-92.7443
Purple loosestrife,48.9993,-90.4008
Purple loosestrife,42.5466,-80.0813
Purple loosestrife,43.8709,-81.0046
Purple loosestrife,44.2015,-77.8892
Purple loosestrife,45.785,-76.9239
Purple loosestrife,46.9587,-84.6446
Purple loosestrife,50.116,-94.866
Purple loosestrife,43.1836,-82.0179
Purple loosestrife,42.0252,-82.7403
Purple loosestrife,45.0404,-77.8906
Purple loosestrife,44.8794,-78.1041
Purple loosestrife,44.87,-78.1103
Purple loosestrife,44.6239,-78.1345
Purple loosestrife,44.5787,-78.1776
Purple loosestrife,44.5667,-78.2146
Purple loosestrife,44.7542,-76.8729
Purple loosestrife,44.7436,-76.9234
Purple loosestrife,44.7303,-76.9586
Purple loosestrife,44.6641,-77.0821
Purple loosestrife,44.6254,-77.1613
Purple loosestrife,44.5869,-77.1951
Purple loosestrife,44.5577,-77.2643
Purple loosestrife,44.5438,-77.344
Purple loosestrife,44.5115,-77.4795
Purple loosestrife,44.4953,-77.5614
Purple loosestrife,44.4936,-77.6415
Purple loosestrife,44.4477,-77.7968
Purple loosestrife,44.4164,-77.9267
Purple loosestrife,44.3707,-77.9924
Purple loosestrife,44.316,-78.191
Purple loosestrife,45.3214,-75.8834
Purple loosestrife,45.2848,-75.9514
Purple loosestrife,45.2561,-75.9712
Purple loosestrife,45.2255,-76.0031
Purple loosestrife,45.2,-76.0435
Purple loosestrife,45.1668,-76.0647
Purple loosestrife,45.1264,-76.1299
Purple loosestrife,45.1255,-76.1587
Purple loosestrife,45.0936,-76.2409
Purple loosestrife,45.0179,-76.234
Purple loosestrife,44.9729,-76.2284
Purple loosestrife,44.9245,-76.2502
Purple loosestrife,44.8967,-76.291
Purple loosestrife,44.8776,-76.3446
Purple loosestrife,44.8677,-76.3949
Purple loosestrife,44.8632,-76.414
Purple loosestrife,44.8616,-76.4201
Purple loosestrife,44.8507,-76.4607
Purple loosestrife,44.8434,-76.4964
Purple loosestrife,44.8335,-76.5581
Purple loosestrife,44.8289,-76.5786
Purple loosestrife,44.8254,-76.5949
Purple loosestrife,44.7933,-76.7017
Purple loosestrife,44.783,-76.7223
Purple loosestrife,46.4317,-80.9201
Purple loosestrife,46.4028,-81.2367
Purple loosestrife,46.341,-80.8096
Purple loosestrife,46.2918,-81.7093
Purple loosestrife,46.2698,-80.8063
Purple loosestrife,46.2439,-80.8073
Purple loosestrife,45.7676,-79.3985
Purple loosestrife,45.0506,-79.2883
Purple loosestrife,44.638,-79.1763
Purple loosestrife,44.4953,-78.8376
Purple loosestrife,44.4616,-78.8214
Purple loosestrife,46.5315,-84.126
Purple loosestrife,46.4295,-84.0684
Purple loosestrife,46.3426,-83.898
Purple loosestrife,46.3377,-84.0536
Purple loosestrife,46.2852,-83.4073
Purple loosestrife,46.2725,-83.5791
Purple loosestrife,46.208,-82.6592
Purple loosestrife,46.2061,-82.2402
Purple loosestrife,46.202,-82.6975
Purple loosestrife,48.7386,-92.2595
Purple loosestrife,44.6568,-76.7571
Purple loosestrife,44.4786,-77.0433
Purple loosestrife,44.4595,-77.168
Purple loosestrife,44.768,-76.9615
Purple loosestrife,42.8365,-79.0973
Purple loosestrife,42.7084,-81.6179
Purple loosestrife,42.5656,-81.9539
Purple loosestrife,42.5631,-81.9295
Purple loosestrife,44.6535,-77.8868
Purple loosestrife,42.8637,-79.1063
Purple loosestrife,46.3176,-78.6958
Purple loosestrife,44.1835,-78.3327
Purple loosestrife,44.4888,-81.3144
Purple loosestrife,43.4661,-80.0555
Purple loosestrife,43.4544,-80.0471
Purple loosestrife,44.4106,-78.7619
Purple loosestrife,44.8418,-77.986
Purple loosestrife,44.3727,-77.7763
Purple loosestrife,44.2864,-77.3286
Purple loosestrife,44.0622,-77.537
Purple loosestrife,44.4989,-77.6175
Purple loosestrife,44.6535,-77.8868
Purple loosestrife,43.9318,-77.4941
Purple loosestrife,44.4322,-77.8834
Purple loosestrife,44.1889,-77.3861
Purple loosestrife,43.9423,-77.5058
Purple loosestrife,43.8503,-77.1623
Purple loosestrife,44.1463,-77.3118
Purple loosestrife,44.1653,-77.3488
Purple loosestrife,42.8429,-79.7592
Purple loosestrife,42.8616,-79.3842
Purple loosestrife,42.8413,-79.5499
Purple loosestrife,42.8721,-79.4231
Purple loosestrife,43.2231,-79.6185
Purple loosestrife,43.0581,-79.0991
Purple loosestrife,42.8938,-78.9217
Purple loosestrife,42.8885,-78.9267
Purple loosestrife,42.8683,-79.0082
Purple loosestrife,44.5285,-80.299
Purple loosestrife,43.7168,-81.6418
Purple loosestrife,43.724,-81.6456
Purple loosestrife,43.9598,-77.5277
Purple loosestrife,43.9109,-77.2878
Purple loosestrife,42.9775,-79.8901
Purple loosestrife,42.9729,-79.8767
Purple loosestrife,44.0129,-77.5287
Purple loosestrife,43.9554,-78.1709
Purple loosestrife,43.2447,-80.0651
Purple loosestrife,43.2447,-80.0651
Purple loosestrife,43.0736,-79.9572
Purple loosestrife,43.0643,-79.9315
Purple loosestrife,42.4213,-82.162
Purple loosestrife,42.2585,-83.0525
Purple loosestrife,42.254,-83.0487
Purple loosestrife,42.9778,-81.3826
Purple loosestrife,43.0864,-81.1474
Purple loosestrife,42.9846,-81.1766
Purple loosestrife,43.1517,-81.5657
Purple loosestrife,43.7346,-81.6767
Purple loosestrife,42.3242,-82.3156
Purple loosestrife,42.0459,-83.1024
Purple loosestrife,43.3638,-80.9716
Purple loosestrife,42.9074,-81.4251
Purple loosestrife,42.9829,-81.0454
Purple loosestrife,42.9298,-81.4375
Purple loosestrife,42.7226,-80.9487
Purple loosestrife,42.9443,-81.4069
Purple loosestrife,42.9578,-81.4291
Purple loosestrife,42.5876,-81.6398
Purple loosestrife,42.9231,-80.3175
Purple loosestrife,42.3025,-82.787
Purple loosestrife,42.285,-83.0279
Purple loosestrife,42.1798,-82.8054
Purple loosestrife,43.0593,-81.1842
Purple loosestrife,42.3074,-82.5142
Purple loosestrife,43.5214,-81.4454
Purple loosestrife,42.8656,-80.7919
Purple loosestrife,42.6966,-81.4358
Purple loosestrife,42.6893,-81.4504
Purple loosestrife,42.6784,-81.4699
Purple loosestrife,42.6666,-81.4918
Purple loosestrife,42.7301,-81.3713
Purple loosestrife,42.7026,-81.6813
Purple loosestrife,43.0277,-81.2308
Purple loosestrife,42.9405,-81.6594
Purple loosestrife,42.7448,-81.5339
Purple loosestrife,42.9796,-81.363
Purple loosestrife,42.9507,-81.3959
Purple loosestrife,42.6621,-81.2099
Purple loosestrife,42.5876,-81.6398
Purple loosestrife,43.1453,-81.5792
Purple loosestrife,42.801,-80.9474
Purple loosestrife,42.8531,-80.8397
Purple loosestrife,42.8271,-80.9352
Purple loosestrife,42.972,-81.1484
Purple loosestrife,42.9897,-81.303
Purple loosestrife,42.8199,-81.4404
Purple loosestrife,42.8092,-81.4219
Purple loosestrife,42.7896,-81.3558
Purple loosestrife,42.7489,-81.413
Purple loosestrife,42.7208,-81.4519
Purple loosestrife,42.6755,-81.5162
Purple loosestrife,42.89,-81.1935
Purple loosestrife,42.7872,-81.5098
Purple loosestrife,42.755,-81.4741
Purple loosestrife,42.7631,-81.473
Purple loosestrife,42.758,-81.4021
Purple loosestrife,43.1283,-81.5532
Purple loosestrife,43.1277,-81.6762
Purple loosestrife,42.6358,-81.5464
Purple loosestrife,42.9132,-81.6983
Purple loosestrife,42.8951,-81.7214
Purple loosestrife,42.8135,-81.1725
Purple loosestrife,42.7519,-81.3336
Purple loosestrife,42.7464,-81.3384
Purple loosestrife,42.741,-81.3531
Purple loosestrife,42.7102,-81.4115
Purple loosestrife,42.6764,-81.5162
Purple loosestrife,42.9587,-81.4279
Purple loosestrife,42.938,-81.4057
Purple loosestrife,42.9335,-81.424
Purple loosestrife,42.9174,-81.397
Purple loosestrife,42.8849,-81.4017
Purple loosestrife,42.8823,-81.3833
Purple loosestrife,42.8213,-81.3095
Purple loosestrife,42.9763,-81.2563
Purple loosestrife,42.8019,-80.9425
Purple loosestrife,42.9091,-81.0061
Purple loosestrife,42.8982,-80.9878
Purple loosestrife,42.8154,-80.9817
Purple loosestrife,42.2677,-82.449
Purple loosestrife,42.7797,-81.3704
Purple loosestrife,42.6764,-81.5162
Purple loosestrife,42.6465,-81.5599
Purple loosestrife,42.9406,-81.0429
Purple loosestrife,43.2181,-80.5925
Purple loosestrife,42.8017,-80.8202
Purple loosestrife,43.0104,-81.2982
Purple loosestrife,42.9597,-81.3886
Purple loosestrife,43.0421,-81.1989
Purple loosestrife,42.9797,-81.3434
Purple loosestrife,42.972,-81.1471
Purple loosestrife,42.9815,-81.3422
Purple loosestrife,43.159,-80.2989
Purple loosestrife,43.1609,-80.3099
Purple loosestrife,42.6728,-81.6968
Purple loosestrife,42.7174,-81.3969
Purple loosestrife,42.6349,-81.5525
Purple loosestrife,42.8954,-81.196
Purple loosestrife,43.0411,-81.2799
Purple loosestrife,42.6294,-81.561
Purple loosestrife,42.9578,-81.4291
Purple loosestrife,42.7631,-81.4742
Purple loosestrife,42.741,-81.3531
Purple loosestrife,42.5995,-81.8776
Purple loosestrife,42.7631,-81.4742
Purple loosestrife,41.8115,-82.8564
Purple loosestrife,42.6304,-81.5464
Purple loosestrife,42.2987,-82.6195
Purple loosestrife,43.7746,-79.9437
Purple loosestrife,43.7732,-79.9454
Purple loosestrife,43.7705,-79.9431
Purple loosestrife,43.7719,-79.945
Purple loosestrife,43.7705,-79.9412
Purple loosestrife,43.7728,-79.9455
Purple loosestrife,43.7724,-79.9456
Purple loosestrife,43.7715,-79.945
Purple loosestrife,43.7715,-79.9456
Purple loosestrife,43.771,-79.9443
Purple loosestrife,48.4304,-89.2176
Purple loosestrife,48.4304,-89.2176
Purple loosestrife,48.4304,-89.2176
Purple loosestrife,48.4304,-89.2176
Purple loosestrife,48.4304,-89.2176
Purple loosestrife,48.4304,-89.2176
Purple loosestrife,48.4304,-89.2176
Purple loosestrife,48.4304,-89.2176
Purple loosestrife,44.4822,-80.0726
Purple loosestrife,44.4901,-81.4041
Purple loosestrife,44.4842,-77.0504
Purple loosestrife,42.8461,-79.7733
Purple loosestrife,42.8454,-79.7742
Purple loosestrife,44.0379,-77.594
Purple loosestrife,46.5405,-84.266
Purple loosestrife,44.9881,-75.8565
Purple loosestrife,46.4998,-84.2986
Purple loosestrife,45.0117,-74.9948
Purple loosestrife,44.666,-76.6785
Purple loosestrife,45.1335,-75.718
Purple loosestrife,44.1945,-77.3955
Purple loosestrife,43.9545,-77.3475
Purple loosestrife,44.4023,-77.4703
Purple loosestrife,43.9358,-78.9897
Purple loosestrife,42.9087,-79.0787
Purple loosestrife,42.9086,-79.0792
Purple loosestrife,42.9618,-78.994
Purple loosestrife,42.9603,-78.9973
Purple loosestrife,42.9642,-79.022
Purple loosestrife,43.2316,-79.169
Purple loosestrife,42.9187,-78.9648
Purple loosestrife,42.9179,-78.9695
Purple loosestrife,46.3332,-84.0664
Purple loosestrife,43.2245,-81.9005
Purple loosestrife,44.4931,-77.6468
Purple loosestrife,44.0888,-79.46
Purple loosestrife,44.7392,-76.1416
Purple loosestrife,43.9921,-77.5183
Purple loosestrife,44.5514,-78.6765
Purple loosestrife,44.4914,-77.4687
Purple loosestrife,42.3026,-82.6158
Purple loosestrife,44.2172,-77.7739
Purple loosestrife,44.797,-76.179
Purple loosestrife,43.4028,-80.3675
Purple loosestrife,43.0202,-79.2856
Purple loosestrife,43.4842,-80.4413
Purple loosestrife,43.1675,-80.44
Purple loosestrife,44.797,-76.179
Purple loosestrife,45.1921,-75.6389
Purple loosestrife,44.9102,-76.2396
Purple loosestrife,44.9092,-76.2386
Purple loosestrife,44.9084,-76.2421
Purple loosestrife,45.2716,-75.7038
Purple loosestrife,44.7011,-79.8737
Purple loosestrife,44.5277,-78.3294
Purple loosestrife,44.5257,-78.3288
Purple loosestrife,44.0289,-77.5688
Purple loosestrife,44.0316,-77.5701
Purple loosestrife,44.1662,-77.6874
Purple loosestrife,44.1656,-77.687
Purple loosestrife,44.2114,-77.7744
Purple loosestrife,44.2127,-77.7749
Purple loosestrife,44.2308,-77.7094
Purple loosestrife,45.1628,-76.1501
Purple loosestrife,44.2517,-77.5671
Purple loosestrife,44.2518,-77.5652
Purple loosestrife,44.4444,-76.1947
Purple loosestrife,44.1117,-77.4675
Purple loosestrife,44.2271,-77.401
Purple loosestrife,44.1093,-77.4349
Purple loosestrife,44.0756,-77.3793
Purple loosestrife,44.1291,-77.1941
Purple loosestrife,45.5517,-77.0463
Purple loosestrife,45.6266,-76.8628
Purple loosestrife,45.0389,-75.9106
Purple loosestrife,45.0867,-74.6655
Purple loosestrife,44.4061,-77.6994
Purple loosestrife,44.2103,-77.3848
Purple loosestrife,43.9941,-77.5253
Purple loosestrife,43.9911,-77.5422
Purple loosestrife,44.2338,-78.1458
Purple loosestrife,44.7716,-75.5835
Purple loosestrife,44.6991,-75.5861
Purple loosestrife,44.8563,-75.5399
Purple loosestrife,44.2706,-77.5383
Purple loosestrife,44.5539,-78.6763
Purple loosestrife,44.5481,-78.676
Purple loosestrife,44.5759,-78.6845
Purple loosestrife,45.8341,-77.1365
Purple loosestrife,45.8171,-76.8933
Purple loosestrife,44.2075,-78.4461
Purple loosestrife,45.0482,-79.3377
Purple loosestrife,44.8905,-76.2926
Purple loosestrife,42.0227,-83.0098
Purple loosestrife,44.1561,-77.4356
Purple loosestrife,44.3915,-77.8449
Purple loosestrife,44.3883,-77.843
Purple loosestrife,44.7163,-76.9655
Purple loosestrife,44.969,-75.9228
Purple loosestrife,44.571,-77.2126
Purple loosestrife,44.5668,-77.2159
Purple loosestrife,45.1802,-76.3751
Purple loosestrife,45.1803,-76.3796
Purple loosestrife,45.4171,-76.0175
Purple loosestrife,45.418,-76.0154
Purple loosestrife,42.9542,-79.0945
Purple loosestrife,42.9548,-79.0934
Purple loosestrife,42.9179,-78.9697
Purple loosestrife,42.9567,-78.9905
Purple loosestrife,42.9517,-78.9946
Purple loosestrife,44.7465,-75.9857
Purple loosestrife,44.7292,-75.9988
Purple loosestrife,44.7362,-75.9941
Purple loosestrife,44.6154,-75.9842
Purple loosestrife,44.6176,-75.9813
Purple loosestrife,46.0307,-80.6257
Purple loosestrife,46.0997,-83.8916
Purple loosestrife,46.1007,-83.8936
Purple loosestrife,46.2453,-83.1557
Purple loosestrife,46.4265,-84.0868
Purple loosestrife,46.4965,-84.2837
Purple loosestrife,46.4984,-84.2976
Purple loosestrife,46.6733,-84.2691
Purple loosestrife,46.818,-84.3975
Purple loosestrife,46.4849,-84.0781
Purple loosestrife,46.3366,-84.0763
Purple loosestrife,46.3275,-84.0711
Purple loosestrife,49.145,-83.1063
Purple loosestrife,49.1547,-83.0886
Purple loosestrife,48.4867,-81.1617
Purple loosestrife,48.4876,-81.1606
Purple loosestrife,44.6832,-76.749
Purple loosestrife,44.6837,-76.7502
Purple loosestrife,44.4648,-78.612
Purple loosestrife,45.2289,-76.1391
Purple loosestrife,45.1811,-76.4568
Purple loosestrife,45.1814,-76.4562
Purple loosestrife,45.2519,-76.3652
Purple loosestrife,45.2509,-76.3651
Purple loosestrife,44.8784,-77.6231
Purple loosestrife,45.0327,-77.8978
Purple loosestrife,44.9868,-77.9726
Purple loosestrife,44.9925,-78.0083
Purple loosestrife,48.833,-91.5642
Purple loosestrife,48.8389,-91.5611
Purple loosestrife,49.8719,-91.4555
Purple loosestrife,50.093,-92.1624
Purple loosestrife,48.3556,-89.4785
Purple loosestrife,48.3515,-89.3605
Purple loosestrife,48.3421,-89.3566
Purple loosestrife,48.3421,-89.3566
Purple loosestrife,48.3421,-89.3566
Purple loosestrife,48.3421,-89.3566
Purple loosestrife,48.3421,-89.3566
Purple loosestrife,48.3421,-89.3566
Purple loosestrife,48.3421,-89.3566
Purple loosestrife,48.3421,-89.3566
Purple loosestrife,48.3416,-89.3588
Purple loosestrife,48.3416,-89.3588
Purple loosestrife,48.3416,-89.3588
Purple loosestrife,48.3416,-89.3588
Purple loosestrife,48.3416,-89.3588
Purple loosestrife,48.3416,-89.3588
Purple loosestrife,48.3416,-89.3588
Purple loosestrife,48.3416,-89.3588
Purple loosestrife,43.4216,-80.2676
Purple loosestrife,43.1397,-80.274
Purple loosestrife,43.2458,-80.3141
Purple loosestrife,43.2791,-80.2893
Purple loosestrife,43.6909,-80.0619
Purple loosestrife,43.9003,-80.2858
Purple loosestrife,43.1381,-80.2822
Purple loosestrife,42.894,-79.6325
Purple loosestrife,43.366,-80.334
Purple loosestrife,43.404,-80.3628
Purple loosestrife,43.534,-80.482
Purple loosestrife,43.4862,-80.4348
Purple loosestrife,43.8941,-80.3149
Purple loosestrife,43.4198,-80.3298
Purple loosestrife,43.6504,-80.3068
Purple loosestrife,45.1179,-75.9352
Purple loosestrife,45.1851,-75.9567
Purple loosestrife,45.1388,-76.2663
Purple loosestrife,45.0693,-76.2958
Purple loosestrife,44.94,-76.3124
Purple loosestrife,44.9316,-76.3022
Purple loosestrife,44.9316,-76.3022
Purple loosestrife,44.9064,-76.2722
Purple loosestrife,44.8947,-76.2952
Purple loosestrife,44.8073,-76.6448
Purple loosestrife,44.7572,-76.7935
Purple loosestrife,44.6486,-77.1218
Purple loosestrife,43.3851,-80.3308
Purple loosestrife,43.2801,-80.2937
Purple loosestrife,43.6409,-80.4271
Purple loosestrife,43.3694,-80.3344
Purple loosestrife,43.503,-80.4898
Purple loosestrife,43.4818,-80.4803
Purple loosestrife,43.9404,-80.4567
Purple loosestrife,43.1353,-80.272
Purple loosestrife,43.3687,-80.3348
Purple loosestrife,43.3596,-80.336
Purple loosestrife,43.5383,-80.4934
Purple loosestrife,43.5671,-80.2711
Purple loosestrife,43.38,-80.379
Purple loosestrife,43.4814,-80.4979
Purple loosestrife,43.4034,-80.4078
Purple loosestrife,44.7739,-76.0186
Purple loosestrife,44.3541,-79.8929
Purple loosestrife,44.555,-80.9386
Purple loosestrife,42.191,-83.088
Purple loosestrife,43.7208,-79.3378
Purple loosestrife,43.3697,-80.084
Purple loosestrife,43.5883,-79.5115
Purple loosestrife,43.6256,-79.3317
Purple loosestrife,43.8158,-79.0973
Purple loosestrife,43.3487,-80.1035
Purple loosestrife,44.5198,-80.2514
Purple loosestrife,44.3093,-79.8955
Purple loosestrife,43.5595,-79.6197
Purple loosestrife,44.4169,-78.2633
Purple loosestrife,45.071,-77.8061
Purple loosestrife,43.5176,-79.6066
Purple loosestrife,44.1342,-78.9777
Purple loosestrife,44.0972,-78.9958
Purple loosestrife,44.2719,-78.325
Purple loosestrife,43.3167,-80.0666
Purple loosestrife,45.7974,-77.0199
Purple loosestrife,43.6688,-79.9253
Purple loosestrife,43.9719,-80.4461
Purple loosestrife,43.4216,-80.2676
Purple loosestrife,43.2703,-80.1863
Purple loosestrife,43.2703,-80.1863
Purple loosestrife,43.4997,-80.4227
Purple loosestrife,43.8381,-80.3086
Purple loosestrife,43.84,-80.3011
Purple loosestrife,43.5592,-80.2788
Purple loosestrife,43.4717,-80.4883
Purple loosestrife,43.2703,-80.1863
Purple loosestrife,43.4728,-80.4877
Purple loosestrife,43.55,-80.2769
Purple loosestrife,43.9438,-80.4556
Purple loosestrife,43.9438,-80.4552
Purple loosestrife,43.8177,-79.0342
Purple loosestrife,44.0812,-79.4542
Purple loosestrife,44.0895,-79.4614
Purple loosestrife,44.0814,-79.4555
Purple loosestrife,44.0825,-79.5462
Purple loosestrife,48.3542,-89.2951
Purple loosestrife,48.3739,-89.3097
Purple loosestrife,48.3739,-89.3072
Purple loosestrife,48.3491,-89.3613
Purple loosestrife,42.3334,-81.8682
Purple loosestrife,43.4307,-79.9069
Purple loosestrife,44.6039,-81.1937
Purple loosestrife,44.598,-81.2068
Purple loosestrife,43.9358,-80.0247
Purple loosestrife,48.2776,-89.4261
Purple loosestrife,48.5574,-88.8973
Purple loosestrife,44.2179,-78.3357
Purple loosestrife,44.0839,-79.4559
Purple loosestrife,44.0731,-79.4534
Purple loosestrife,44.0731,-79.4534
Purple loosestrife,44.0731,-79.453
Purple loosestrife,44.0731,-79.4539
Purple loosestrife,43.0482,-79.0881
Purple loosestrife,44.1656,-76.8502
Purple loosestrife,43.8844,-80.2761
Purple loosestrife,42.3666,-82.4203
Purple loosestrife,42.425,-82.4103
Purple loosestrife,45.9175,-82.4615
Purple loosestrife,45.939,-82.445
Purple loosestrife,44.3319,-78.2066
Purple loosestrife,44.0062,-77.9158
Purple loosestrife,43.9954,-78.01
Purple loosestrife,43.6426,-79.6596
Purple loosestrife,43.6556,-79.6264
Purple loosestrife,43.9965,-79.7453
Purple loosestrife,44.743,-79.8136
Purple loosestrife,44.7537,-79.7008
Purple loosestrife,44.7537,-79.7008
Purple loosestrife,43.8193,-79.9401
Purple loosestrife,43.8193,-79.9401
Purple loosestrife,46.3011,-83.781
Purple loosestrife,46.3034,-83.7817
Purple loosestrife,46.4157,-84.0694
Purple loosestrife,46.4191,-84.0695
Purple loosestrife,43.0193,-79.2853
Purple loosestrife,43.0652,-79.2838
Purple loosestrife,43.176,-79.2832
Purple loosestrife,42.9449,-80.3238
Purple loosestrife,42.9288,-80.3186
Purple loosestrife,42.8528,-80.5121
Purple loosestrife,42.5814,-80.4334
Purple loosestrife,44.3783,-81.5245
Purple loosestrife,44.5041,-81.3328
Purple loosestrife,44.544,-80.7841
Purple loosestrife,44.6176,-80.9086
Purple loosestrife,44.1786,-80.9345
Purple loosestrife,44.7294,-81.2795
Purple loosestrife,43.928,-80.411
Purple loosestrife,43.9211,-80.4351
Purple loosestrife,45.3106,-76.2856
Purple loosestrife,45.2969,-76.2776
Purple loosestrife,45.5148,-74.684
Purple loosestrife,42.9579,-78.9962
Purple loosestrife,48.4811,-81.2866
Purple loosestrife,48.4808,-81.295
Purple loosestrife,44.2615,-79.556
Purple loosestrife,44.3853,-75.9441
Purple loosestrife,42.1919,-83.1058
Purple loosestrife,42.8225,-81.4605
Purple loosestrife,44.1158,-77.6702
Purple loosestrife,44.1889,-78.3836
Purple loosestrife,43.9717,-78.3011
Purple loosestrife,43.8933,-78.8288
Purple loosestrife,44.4936,-77.4711
Purple loosestrife,44.2719,-78.325
Purple loosestrife,44.8386,-76.3944
Purple loosestrife,44.83,-76.0961
Purple loosestrife,44.7739,-76.0186
Purple loosestrife,44.703,-76.1833
Purple loosestrife,44.843,-76.5683
Purple loosestrife,44.8914,-76.2077
Purple loosestrife,44.9106,-76.1997
Purple loosestrife,45.1167,-75.6677
Purple loosestrife,43.5406,-80.2744
Purple loosestrife,43.5444,-80.2483
Purple loosestrife,43.4269,-80.4263
Purple loosestrife,43.3456,-80.3227
Purple loosestrife,43.4722,-80.0485
Purple loosestrife,43.4214,-80.3525
Purple loosestrife,43.3867,-80.3922
Purple loosestrife,43.4008,-80.3855
Purple loosestrife,43.4042,-80.3772
Purple loosestrife,43.4718,-80.0565
Purple loosestrife,43.6737,-79.7049
Purple loosestrife,43.6601,-79.6878
Purple loosestrife,43.3622,-80.3572
Purple loosestrife,43.5055,-80.1941
Purple loosestrife,43.6858,-79.7219
Purple loosestrife,43.413,-80.3575
Purple loosestrife,43.4256,-80.3422
Purple loosestrife,43.425,-80.3419
Purple loosestrife,43.4833,-80.4463
Purple loosestrife,43.343,-80.328
Purple loosestrife,43.5323,-80.2555
Purple loosestrife,43.5319,-80.2552
Purple loosestrife,46.3126,-79.4661
Purple loosestrife,46.3143,-79.4662
Purple loosestrife,45.3935,-75.7004
Purple loosestrife,45.3617,-75.8342
Purple loosestrife,44.1242,-77.3936
Purple loosestrife,44.3419,-77.6352
Purple loosestrife,43.4211,-80.3502
Purple loosestrife,43.4261,-80.3361
Purple loosestrife,43.4853,-80.423
Purple loosestrife,43.4114,-80.4063
Purple loosestrife,45.3856,-76.2588
Purple loosestrife,45.4025,-75.9358
Purple loosestrife,44.9733,-76.0455
Purple loosestrife,45.0536,-75.8847
Purple loosestrife,42.2708,-81.9488
Purple loosestrife,42.6503,-81.5652
Purple loosestrife,42.2703,-82.4083
Purple loosestrife,42.3875,-82.4088
Purple loosestrife,42.0455,-83.0852
Purple loosestrife,42.1997,-83.1044
Purple loosestrife,42.3025,-82.6158
Purple loosestrife,42.9956,-82.3405
Purple loosestrife,42.8911,-82.1483
Purple loosestrife,43.3911,-80.0919
Purple loosestrife,43.6647,-79.7055
Purple loosestrife,43.2889,-80.3527
Purple loosestrife,43.5005,-80.483
Purple loosestrife,43.3169,-80.3266
Purple loosestrife,43.4178,-80.0716
Purple loosestrife,43.4256,-80.4263
Purple loosestrife,45.3611,-75.8723
Purple loosestrife,43.8844,-80.2761
Purple loosestrife,43.5191,-79.6048
Purple loosestrife,43.9125,-80.8775
Purple loosestrife,43.914,-80.8899
Purple loosestrife,42.9009,-79.6462
Purple loosestrife,43.4933,-80.4508
Purple loosestrife,43.3867,-80.3922
Purple loosestrife,43.41,-80.3702
Purple loosestrife,43.4047,-80.375
Purple loosestrife,43.4997,-80.2608
Purple loosestrife,43.5042,-80.2544
Purple loosestrife,43.5003,-80.2547
Purple loosestrife,43.5375,-80.2608
Purple loosestrife,43.5367,-80.2519
Purple loosestrife,43.3222,-80.3236
Purple loosestrife,43.6575,-79.6441
Purple loosestrife,43.29,-79.9036
Purple loosestrife,43.3011,-79.885
Purple loosestrife,44.8725,-75.8185
Purple loosestrife,44.8721,-75.8186
Purple loosestrife,44.8716,-75.819
Purple loosestrife,44.8726,-75.8195
Purple loosestrife,44.8726,-75.8185
Purple loosestrife,44.873,-75.8198
Purple loosestrife,44.8735,-75.82
Purple loosestrife,44.8747,-75.8208
Purple loosestrife,44.8752,-75.8209
Purple loosestrife,45.0876,-75.876
Purple loosestrife,45.0878,-75.876
Purple loosestrife,44.4621,-79.5413
Purple loosestrife,44.4858,-79.5816
Purple loosestrife,44.5063,-79.6193
Purple loosestrife,44.4832,-79.6204
Purple loosestrife,44.4928,-79.6285
Purple loosestrife,44.4737,-79.653
Purple loosestrife,44.5815,-79.6981
Purple loosestrife,44.5635,-79.666
Purple loosestrife,44.299,-78.234
Purple loosestrife,44.3045,-78.2307
Purple loosestrife,44.334,-78.1721
Purple loosestrife,44.2668,-78.2126
Purple loosestrife,44.2564,-78.1975
Purple loosestrife,44.2388,-78.1799
Purple loosestrife,44.3739,-78.1913
Purple loosestrife,44.3426,-78.2076
Purple loosestrife,44.0177,-79.1202
Purple loosestrife,44.0183,-79.1207
Purple loosestrife,43.8353,-79.5482
Purple loosestrife,43.8241,-79.2204
Purple loosestrife,43.8307,-79.226
Purple loosestrife,43.8316,-79.2265
Purple loosestrife,43.8316,-79.2282
Purple loosestrife,43.9256,-79.4604
Purple loosestrife,43.9259,-79.4603
Purple loosestrife,43.9273,-79.4604
Purple loosestrife,43.9233,-79.477
Purple loosestrife,44.0059,-79.1001
Purple loosestrife,44.0183,-79.1207
Purple loosestrife,44.0183,-79.1207
Purple loosestrife,43.8338,-79.5398
Purple loosestrife,43.8231,-79.2197
Purple loosestrife,43.8333,-79.2348
Purple loosestrife,43.8307,-79.226
Purple loosestrife,43.8316,-79.2265
Purple loosestrife,43.8316,-79.2282
Purple loosestrife,43.8323,-79.2281
Purple loosestrife,43.924,-79.4648
Purple loosestrife,43.9233,-79.477
Purple loosestrife,43.9257,-79.4759
Purple loosestrife,44.4272,-78.2303
Purple loosestrife,44.4285,-78.2339
Purple loosestrife,44.4189,-78.2371
Purple loosestrife,44.4289,-78.237
Purple loosestrife,44.5848,-78.8853
Purple loosestrife,44.4499,-77.6887
Purple loosestrife,44.5114,-77.4269
Purple loosestrife,44.4496,-77.2262
Purple loosestrife,45.0077,-79.9577
Purple loosestrife,44.9332,-79.9231
Purple loosestrife,44.1284,-78.2101
Purple loosestrife,44.1876,-78.2036
Purple loosestrife,44.6686,-80.6379
Purple loosestrife,42.8906,-79.6112
Purple loosestrife,42.8959,-79.6062
Purple loosestrife,42.8867,-79.5917
Purple loosestrife,43.1218,-79.9084
Purple loosestrife,43.1107,-79.8803
Purple loosestrife,42.979,-79.8741
Purple loosestrife,43.1935,-79.7102
Purple loosestrife,44.5483,-78.1549
Purple loosestrife,44.5498,-78.1397
Purple loosestrife,44.5673,-78.1389
Purple loosestrife,42.5921,-81.8837
Purple loosestrife,44.5541,-78.0992
Purple loosestrife,44.5549,-78.0991
Purple loosestrife,44.5559,-78.0979
Purple loosestrife,44.5559,-78.0979
Purple loosestrife,44.5548,-78.0916
Purple loosestrife,42.9231,-80.3175
Purple loosestrife,42.8968,-79.6037
Purple loosestrife,42.8925,-79.6185
Purple loosestrife,43.1893,-79.6697
Purple loosestrife,43.1462,-79.6657
Purple loosestrife,42.8385,-79.5463
Purple loosestrife,44.5505,-78.1712
Purple loosestrife,44.5274,-80.2927
Purple loosestrife,43.0791,-79.7839
Purple loosestrife,43.0737,-79.7827
Purple loosestrife,42.6777,-80.4032
Purple loosestrife,42.5795,-80.3944
Purple loosestrife,44.4797,-76.4277
Purple loosestrife,44.464,-76.4294
Purple loosestrife,44.4901,-76.3515
Purple loosestrife,44.4801,-76.3607
Purple loosestrife,44.479,-76.3689
Purple loosestrife,44.2434,-76.692
Purple loosestrife,45.0989,-74.6366
Purple loosestrife,45.1696,-75.8775
Purple loosestrife,45.1703,-75.8777
Purple loosestrife,45.1701,-75.8785
Purple loosestrife,45.1735,-75.8822
Purple loosestrife,44.723,-76.145
Purple loosestrife,44.7228,-76.1433
Purple loosestrife,44.7227,-76.1433
Purple loosestrife,44.7226,-76.1432
Purple loosestrife,44.7227,-76.143
Purple loosestrife,44.7216,-76.1422
Purple loosestrife,44.7225,-76.1448
Purple loosestrife,44.4558,-76.4573
Purple loosestrife,44.4547,-76.4558
Purple loosestrife,45.1755,-76.2539
Purple loosestrife,45.174,-76.2546
Purple loosestrife,45.1733,-76.2511
Purple loosestrife,45.1739,-76.2612
Purple loosestrife,45.1745,-76.2547
Purple loosestrife,45.1753,-76.2549
Purple loosestrife,45.1762,-76.2565
Purple loosestrife,45.1764,-76.2575
Purple loosestrife,45.1743,-76.2611
Purple loosestrife,44.5323,-76.5799
Purple loosestrife,44.5297,-76.5815
Purple loosestrife,44.5296,-76.5814
Purple loosestrife,44.5287,-76.5818
Purple loosestrife,44.7223,-76.1432
Purple loosestrife,44.7127,-75.7277
Purple loosestrife,44.712,-75.7284
Purple loosestrife,44.7119,-75.7283
Purple loosestrife,44.7119,-75.7285
Purple loosestrife,45.1736,-76.2504
Purple loosestrife,44.7229,-76.1447
Purple loosestrife,44.7229,-76.1445
Purple loosestrife,44.7229,-76.1444
Purple loosestrife,44.7229,-76.1442
Purple loosestrife,44.7228,-76.1434
Purple loosestrife,44.7228,-76.1433
Purple loosestrife,45.1742,-76.261
Purple loosestrife,44.3067,-79.4445
Purple loosestrife,43.8293,-79.1367
Purple loosestrife,44.5322,-76.5734
Purple loosestrife,47.7323,-86.3305
Purple loosestrife,47.7323,-86.3305
Purple loosestrife,47.7323,-86.3305
Purple loosestrife,47.7323,-86.3305
Purple loosestrife,47.7323,-86.3305
Purple loosestrife,47.7323,-86.3305
Purple loosestrife,47.7323,-86.3305
Purple loosestrife,47.7323,-86.3305
Purple loosestrife,47.7317,-86.2353
Purple loosestrife,47.7317,-86.2353
Purple loosestrife,47.7317,-86.2353
Purple loosestrife,47.7317,-86.2353
Purple loosestrife,47.7317,-86.2353
Purple loosestrife,47.7317,-86.2353
Purple loosestrife,47.7317,-86.2353
Purple loosestrife,47.7317,-86.2353
Purple loosestrife,47.6412,-86.1888
Purple loosestrife,47.6412,-86.1888
Purple loosestrife,47.6412,-86.1888
Purple loosestrife,47.6412,-86.1888
Purple loosestrife,47.6412,-86.1888
Purple loosestrife,47.6412,-86.1888
Purple loosestrife,47.6412,-86.1888
Purple loosestrife,47.6412,-86.1888
Purple loosestrife,47.6484,-86.2193
Purple loosestrife,47.6484,-86.2193
Purple loosestrife,47.6484,-86.2193
Purple loosestrife,47.6484,-86.2193
Purple loosestrife,47.6484,-86.2193
Purple loosestrife,47.6484,-86.2193
Purple loosestrife,47.6484,-86.2193
Purple loosestrife,47.6484,-86.2193
Purple loosestrife,47.7236,-80.3167
Purple loosestrife,45.1718,-76.2515
Purple loosestrife,49.7668,-94.382
Purple loosestrife,49.7641,-94.4807
Purple loosestrife,44.2974,-79.203
Purple loosestrife,44.4632,-79.0685
Purple loosestrife,44.1701,-76.499
Purple loosestrife,44.3192,-79.3813
Purple loosestrife,44.3197,-79.3784
Purple loosestrife,44.3198,-79.3778
Purple loosestrife,44.3199,-79.3773
Purple loosestrife,44.3176,-79.3894
Purple loosestrife,44.1949,-77.8023
Purple loosestrife,44.1993,-77.8026
Purple loosestrife,44.301,-79.2286
Purple loosestrife,44.2724,-79.4585
Purple loosestrife,44.3067,-79.4445
Purple loosestrife,44.252,-79.325
Purple loosestrife,44.2251,-79.32
Purple loosestrife,44.2202,-79.3425
Purple loosestrife,44.2205,-79.3409
Purple loosestrife,44.2002,-77.8325
Purple loosestrife,44.2017,-77.8399
Purple loosestrife,44.2131,-77.8638
Purple loosestrife,44.2118,-77.8517
Purple loosestrife,44.2105,-77.852
Purple loosestrife,44.2081,-77.8679
Purple loosestrife,44.2077,-77.8695
Purple loosestrife,44.2304,-79.2974
Purple loosestrife,44.2308,-79.2958
Purple loosestrife,44.232,-79.2908
Purple loosestrife,44.2861,-77.6967
Purple loosestrife,44.283,-77.7092
Purple loosestrife,44.2808,-77.7178
Purple loosestrife,44.2613,-77.8146
Purple loosestrife,44.2556,-77.8145
Purple loosestrife,44.2548,-77.815
Purple loosestrife,44.2539,-77.8158
Purple loosestrife,44.2505,-77.8174
Purple loosestrife,44.2345,-77.8203
Purple loosestrife,44.2328,-77.8209
Purple loosestrife,44.2263,-77.8239
Purple loosestrife,44.224,-77.825
Purple loosestrife,44.2221,-77.8259
Purple loosestrife,44.2201,-77.8269
Purple loosestrife,44.2189,-77.8275
Purple loosestrife,44.3166,-79.2773
Purple loosestrife,44.3229,-79.3085
Purple loosestrife,44.2869,-79.4095
Purple loosestrife,44.2507,-79.4003
Purple loosestrife,44.1409,-77.7913
Purple loosestrife,44.1755,-77.809
Purple loosestrife,44.1854,-77.8146
Purple loosestrife,44.3192,-79.3245
Purple loosestrife,44.3188,-79.3269
Purple loosestrife,44.2444,-77.8169
Purple loosestrife,44.2798,-77.7218
Purple loosestrife,44.271,-77.752
Purple loosestrife,44.2718,-77.7526
Purple loosestrife,44.2684,-77.766
Purple loosestrife,44.2676,-77.7696
Purple loosestrife,44.2719,-77.7736
Purple loosestrife,44.2742,-77.7755
Purple loosestrife,44.2784,-77.7782
Purple loosestrife,44.2873,-77.7837
Purple loosestrife,44.2971,-77.7881
Purple loosestrife,44.2688,-77.8134
Purple loosestrife,44.2183,-77.8278
Purple loosestrife,44.2175,-77.828
Purple loosestrife,44.2162,-77.8278
Purple loosestrife,44.2134,-77.8262
Purple loosestrife,44.213,-77.8265
Purple loosestrife,44.2031,-77.8795
Purple loosestrife,44.2042,-77.8719
Purple loosestrife,44.2116,-77.832
Purple loosestrife,44.2131,-77.8266
Purple loosestrife,44.2188,-77.8275
Purple loosestrife,44.2257,-77.8243
Purple loosestrife,44.3072,-79.2003
Purple loosestrife,44.3272,-79.2608
Purple loosestrife,44.2633,-77.8148
Purple loosestrife,44.2469,-77.8165
Purple loosestrife,44.2655,-77.8146
Purple loosestrife,44.272,-77.8116
Purple loosestrife,44.2838,-77.8095
Purple loosestrife,44.2893,-77.7844
Purple loosestrife,44.2999,-77.5776
Purple loosestrife,44.298,-77.5619
Purple loosestrife,44.2975,-77.5617
Purple loosestrife,44.2992,-77.5693
Purple loosestrife,44.2997,-77.5762
Purple loosestrife,44.3004,-77.5857
Purple loosestrife,44.2967,-77.6008
Purple loosestrife,44.3036,-77.6279
Purple loosestrife,44.2973,-77.6536
Purple loosestrife,44.2962,-77.6578
Purple loosestrife,44.2944,-77.6633
Purple loosestrife,44.2924,-77.6715
Purple loosestrife,44.2922,-77.6723
Purple loosestrife,44.2917,-77.6743
Purple loosestrife,44.2898,-77.6822
Purple loosestrife,44.2866,-77.6945
Purple loosestrife,44.1376,-77.8702
Purple loosestrife,44.1246,-77.8811
Purple loosestrife,44.1073,-77.9102
Purple loosestrife,44.0649,-77.8824
Purple loosestrife,44.0658,-77.8788
Purple loosestrife,44.0662,-77.8677
Purple loosestrife,44.0768,-77.8279
Purple loosestrife,44.0875,-77.7868
Purple loosestrife,44.0641,-77.8836
Purple loosestrife,44.0573,-77.9089
Purple loosestrife,44.0453,-77.9096
Purple loosestrife,44.0628,-77.9166
Purple loosestrife,44.0669,-77.9182
Purple loosestrife,44.1353,-77.8713
Purple loosestrife,44.1384,-77.87
Purple loosestrife,44.1605,-77.8762
Purple loosestrife,44.1912,-77.8872
Purple loosestrife,44.1923,-77.8877
Purple loosestrife,44.083,-77.4457
Purple loosestrife,44.047,-77.4628
Purple loosestrife,44.1945,-77.896
Purple loosestrife,44.1516,-78.0266
Purple loosestrife,44.188,-77.9052
Purple loosestrife,44.1932,-77.8988
Purple loosestrife,44.2996,-79.4392
Purple loosestrife,44.3076,-79.44
Purple loosestrife,44.2483,-79.3867
Purple loosestrife,44.2066,-77.8782
Purple loosestrife,44.2158,-77.8441
Purple loosestrife,44.2019,-77.736
Purple loosestrife,44.2022,-77.8308
Purple loosestrife,44.1685,-77.8133
Purple loosestrife,44.1416,-77.749
Purple loosestrife,44.0686,-77.7744
Purple loosestrife,44.069,-77.7762
Purple loosestrife,44.1072,-77.9174
Purple loosestrife,44.1917,-77.8874
Purple loosestrife,44.1896,-77.8863
Purple loosestrife,44.1732,-77.8782
Purple loosestrife,44.1638,-77.8773
Purple loosestrife,44.125,-77.8808
Purple loosestrife,44.2762,-77.7763
Purple loosestrife,44.2714,-77.7732
Purple loosestrife,44.2679,-77.7706
Purple loosestrife,44.2684,-77.7661
Purple loosestrife,44.2772,-77.7326
Purple loosestrife,44.2872,-77.6927
Purple loosestrife,44.29,-77.6819
Purple loosestrife,44.2931,-77.6692
Purple loosestrife,44.3035,-77.6284
Purple loosestrife,44.3055,-77.6098
Purple loosestrife,44.2975,-77.598
Purple loosestrife,44.5245,-79.4393
Purple loosestrife,44.7608,-79.3173
Purple loosestrife,44.5596,-79.5693
Purple loosestrife,44.6297,-79.4142
Purple loosestrife,44.7782,-79.554
Purple loosestrife,44.6415,-79.4126
Purple loosestrife,44.6347,-79.4776
Purple loosestrife,44.7189,-79.1521
Purple loosestrife,49.0668,-89.2104
Purple loosestrife,46.3246,-79.4533
Purple loosestrife,47.889,-84.8603
Purple loosestrife,48.0729,-84.7999
Purple loosestrife,49.7658,-94.3834
Purple loosestrife,45.0251,-78.3935
Purple loosestrife,44.5197,-79.43
Purple loosestrife,48.3826,-82.4651
Purple loosestrife,48.4074,-83.5259
Purple loosestrife,47.8458,-83.4018
Purple loosestrife,47.7742,-83.463
Purple loosestrife,47.774,-83.4667
Purple loosestrife,47.9189,-83.6426
Purple loosestrife,47.7924,-83.5323
Purple loosestrife,47.9483,-83.2908
Purple loosestrife,47.8813,-83.6347
Purple loosestrife,47.9119,-83.6418
Purple loosestrife,47.9199,-83.6278
Purple loosestrife,43.3876,-80.3679
Purple loosestrife,44.0221,-79.2969
Purple loosestrife,44.3003,-78.5566
Purple loosestrife,44.2714,-78.3249
Purple loosestrife,49.712,-86.9615
Purple loosestrife,49.453,-86.403
Purple loosestrife,44.2654,-77.5978
Purple loosestrife,46.4965,-84.2837
Purple loosestrife,46.3332,-84.0664
Purple loosestrife,47.889,-84.8603
Purple loosestrife,46.3011,-83.781
Purple loosestrife,49.145,-83.1063
Purple loosestrife,46.4849,-84.0781
Purple loosestrife,46.4157,-84.0694
Purple loosestrife,46.818,-84.3975
Purple loosestrife,46.6733,-84.2691
Purple loosestrife,42.6503,-81.5652
Purple loosestrife,42.2708,-81.9488
Purple loosestrife,42.3875,-82.4088
Purple loosestrife,42.2703,-82.4083
Purple loosestrife,42.9956,-82.3405
Purple loosestrife,42.8911,-82.1483
Purple loosestrife,42.3025,-82.6158
Purple loosestrife,42.1997,-83.1044
Purple loosestrife,42.0455,-83.0852
Purple loosestrife,43.3911,-80.0919
Purple loosestrife,43.6575,-79.6441
Purple loosestrife,43.6858,-79.7219
Purple loosestrife,43.3222,-80.3236
Purple loosestrife,43.4114,-80.4063
Purple loosestrife,43.29,-79.9036
Purple loosestrife,43.3011,-79.885
Purple loosestrife,43.5003,-80.2547
Purple loosestrife,43.5319,-80.2552
Purple loosestrife,45.0258,-78.3937
Purple loosestrife,46.3246,-79.4533
Purple loosestrife,48.0729,-84.7999
Purple loosestrife,44.5197,-79.43
Purple loosestrife,46.4989,-84.3955
Purple loosestrife,46.4989,-84.3955
Purple loosestrife,46.4989,-84.3955
Purple loosestrife,46.4989,-84.3955
Purple loosestrife,46.4989,-84.3955
Purple loosestrife,46.4989,-84.3955
Purple loosestrife,46.4989,-84.3955
Purple loosestrife,46.4989,-84.3955
